tep_id,tep_name,tep_address,tep_area,tep_village,tep_phone,tep_god,tep_class,tep_buildtime,tep_rebuildtime,tep_festivaldate
2B547126-4254-4D56-A1B6-FFDE2C37735C,新莊福成宮,新北市新莊區5鄰頭前路15巷1號,新莊區,,89915390,福德正神,道教,民前95,0,
69BCD479-8C78-405F-AA73-FFD42BBA8ED0,珊瑚貝殼廟,新北市三芝區圓山里二坪頂69號,三芝區,圓山里,26367002,道濟禪師,道教,民前0,0,
B2C9FE0B-D105-44AF-80B7-FFAAAE92029B,財團法人新北市金山慈音寺,新北市金山區南勢湖63號,金山區,,24986248,文殊師利菩薩,佛教,民國75,0,
5CC43DA3-6A2F-4644-A7BE-FF9C0B2BCEA3,瓊林慶臨宮,新北市新莊區瓊林路48號,新莊區,,22056696,福德正神,道教,民國34,0,
EE55A483-688F-4343-9611-FF733E4AE2CE,靈菩寺,新北市汐止區忠孝東路510號之1,汐止區,,86482247,觀音佛祖,佛教,民國58,0,
11A2AEE1-8807-406D-839F-FF486F304F6B,清溪福德宮,新北市土城區清溪里青雲路165號之1,土城區,清溪里,22600638,福德正神,道教,民國30,民64年11月,
4650CC73-D531-4CC8-8639-FF0DA9B747B1,壽山宮,新北市雙溪區溪尾寮45號,雙溪區,,24933518,天上聖母,道教,民前50,0,
5988EB02-9BB2-4F46-825B-FE33F632980D,財團法人新北市泰山巖,新北市泰山區明志里應化街32號,泰山區,明志里,29018371,顯應祖師,佛教,民前158,0,
60647A0C-4184-449A-BF45-FDC38DBD61CF,東德宮,新北市中和區積穗里新生街112巷臨20號,中和區,積穗里,22229013,諸府千歲,道教,民國53,0,
BDD54C5C-69EF-449C-962D-FD283BF338EA,鶯歌南興宮,新北市鶯歌區建國路257號,鶯歌區,,26792882,福德正神,道教,民國32,0,
3A593AAF-66B3-44FA-8401-FD180AE73590,創建宮,新北市鶯歌區尖山路258巷39號,鶯歌區,,26775786,荷葉仙師,道教,民國80,0,
D3B43F3A-6968-4804-B74F-FD102EDA3BEF,天靈宮,新北市土城區石門路57號,土城區,,2273-8618,關聖帝君,道教,民國67,0,
2BC983DA-A71D-475A-B56B-FCE97CE83BED,瑞龍宮,新北市瑞芳區龍山里10鄰逢甲路250號,瑞芳區,龍山里,0935-550989,西秦王爺,道教,民國38,0,
B708AAA5-4813-4E54-9BF8-FCA562F976B6,鄞山寺,新北市淡水區鄧公里鄧公路15號,淡水區,鄧公里,26295517,定光古佛,佛教,民前88,0,
43B4DC42-1857-43F9-BC21-FC7331160355,妙法寺,新北市新店區環河路19巷17號,新店區,,29111960,觀世音菩薩,佛教,民國8,民國58年,
8AC819C2-2805-446B-966B-FB5F9CE89F39,淡水區玄玄廟,新北市淡水區蕃薯里安子內12之1號,淡水區,蕃薯里,28011577,玄天上帝,道教,民國62,0,
489D668F-FD31-4BEA-8B37-FB1A7DDE88D1,北辰宮,新北市土城區延壽里延壽路109巷1號,土城區,延壽里,82611369,天上聖母,道教,民國65,0,
FB9E63CC-5342-4287-BBAE-FAB42A0DC9FD,明修宮,新北市新店區安康路三段607之1號,新店區,,22152632,關聖帝君,道教,民國71,0,
4B3B8C42-E124-4BEE-BB9A-F9DE2E86A41E,威惠廟,新北市雙溪區柑腳21號,雙溪區,,24932082,開漳聖王,道教,民前44,0,
4CBF2B65-A9B5-4D69-9A4F-F9DD55BE4200,鶯歌高明寺,新北市鶯歌區中正一路437號,鶯歌區,,86781333,釋迦牟尼佛,佛教,民國53,0,
6E5BD4AC-5E6F-4093-B3EC-F985163E4256,埤林廣福宮,新北市土城區學享街6巷1號之1,土城區,,22646337,福德正神,道教,民前131,0,
4CA5E2DB-5EB7-409B-AF04-F93B6E9E6358,順天府聖龍宮(已廢止),新北市樹林區吉祥街5巷32號,樹林區,,26805768,清水祖師,道教,民國55,0,
5697640C-DBA2-4030-8428-F8A81C6A500E,板橋玄武宮(已廢止),新北市板橋區中正里中正路493巷10之2號,板橋區,中正里,29669179,玄天上帝,道教,民國55,0,
0C4C15CE-3D27-45E5-99E6-F89D30154820,加投福德宮,新北市萬里區加投45號前方50公尺路邊,萬里區,,,福德正神,道教,民國70,0,
F6A45DCA-DDCA-4882-A42E-F88926B5B6AD,紫竹寺,新北市中和區橫路里興南路三段91巷臨57號,中和區,橫路里,29460002,觀世音菩薩,道教,民國57,0,
F794313E-8F19-41B4-B505-F86061FDEEDB,震威宮,新北市板橋區香社里南雅西路二段301巷50弄27號之1,板橋區,香社里,29661534,五雷元帥,道教,民國51,0,
640A058C-8F5A-482B-A2CF-F82594A91F27,西盛庄福德宮,新北市新莊區民安西路410巷6號,新莊區,,82019802,福德正神,道教,民前68,0,
2B3AD648-611F-4582-8560-F7F665D87E1E,法靈寺,新北市雙溪區外平林14號,雙溪區,,24933048,釋迦牟尼佛,佛教,民國45,0,
52E8D7F5-FF93-4EF3-A226-F7F52FEDF4B4,慈悲寺,新北市新莊區壽山路162號,新莊區,,29034180,觀音佛祖,佛教,嘉慶0,0,
4ADB463E-4093-4907-971E-F7B79BB06855,清聖府(已廢止),新北市板橋區明翠里四維路177巷1弄14號旁,板橋區,明翠里,22574500,清水祖師,道教,民國60,0,
817206D0-8327-4EED-85DF-F70981ADF075,智光禪寺,新北市五股區民義路二段21號,五股區,,22922069,釋迦牟尼佛,佛教,民國62,0,
A4BC280D-D348-4B64-B9C0-F6E0FBF9E043,開天宮,新北市新店區新店路65號,新店區,,29138934,盤古帝王,道教,康熙16,58,
D8C7D031-6B3F-45E9-AA9C-F6CC64435B7C,大勝寺,新北市三峽區有木6之8號,三峽區,,26720022,釋迦牟尼佛,佛教,民國85,0,
2BF02488-D776-47CF-B225-F6C3248CAA55,金龍湖福德宮,新北市汐止區湖東街5巷46號之1,汐止區,,26922583,福德正神,道教,民國40,0,
53D8BE11-2E73-4D6D-80BF-F65CFF94DA93,慧明禪寺,新北市金山區西勢湖11號,金山區,,24981786,釋迦牟尼佛,佛教,民國68,0,
8B6F5EE5-1D5E-4BAF-9594-F616682A1ADC,福龍宮,新北市瑞芳區海濱路39號,瑞芳區,,24978281,天上聖母,道教,民前76,0,
6E881C9B-5A85-4F3A-898D-F5A7491C223E,昭應侯廟,新北市金山區忠孝一路107號,金山區,,24984046,昭應侯,道教,民國19,0,
273B382F-AB2C-4CBF-80D2-F556D8415BE7,昭靈宮,新北市萬里區瑪鍊路197號,萬里區,,24924686,靈官大帝,道教,民前112,0,
03B33BAE-4EEB-4BC5-BDA4-F51F27919397,金山財神廟,新北市萬里區公館崙52之2號,萬里區,,24981186,龍德星君,道教,民國91,0,
A2E5ACD1-1C95-4937-AA41-F50E97C15C40,福安宮,新北市五股區更洲路47號之1,五股區,,29856396,福德正神,道教,民國2,0,
D20B4C6F-BCEF-44C5-96C7-F5034111FF52,福安宮,新北市土城區頂福里溪頭路30巷,土城區,頂福里,,福德正神,道教,民國56,民國76年,
C5C3955F-F225-411A-99F3-F4B8025311C8,聖弘寺,新北市新店區國校路41號,新店區,,29111732,釋迦牟尼佛,佛教,民國58,0,
19D388B7-CD62-4676-86FA-F49FD01CA482,樹林慈聖宮,新北市樹林區育英里17鄰文化街18號,樹林區,育英里,(02)2681-9853,天上聖母,道教,民國66,0,
4158BF46-A4BA-43AF-98C7-F46AFC143FF8,臺北蘆洲奉安宮,新北市蘆洲區永安北路一段66巷2號,蘆洲區,,22819665,五年千歲,道教,民國58,0,
841DDD12-AE0E-401F-B139-F459CC309BFB,八里會堂宮,新北市八里區訊塘里中山路二段588巷10號對面,八里區,訊塘里,,保生大帝,道教,民前295,0,
0804EC80-73EF-4F77-A75E-F45946ED29E4,安德宮,"新北市瑞芳區東和里中山路270號  (266號旁)",瑞芳區,東和里,2497-8490,福德正神,道教,民國70,0,
C228E1E8-816E-4AC4-9983-F39FF6181FD2,佛山寺,新北市三峽區有木里有木87號,三峽區,有木里,26720087,釋迦牟尼佛,佛教,民國82,0,
D2D0E495-655C-43CB-9920-F37FE53BBA7E,板橋區深丘福德宮,新北市板橋區深丘里區運路77號,板橋區,深丘里,29610359,福德正神,道教,光緒8,0,
B24B41C9-71C2-4CC0-B91E-F20237BD03D3,財團法人新北市福慧寺,新北市樹林區三興里6鄰三興路77號,樹林區,三興里,(02)2689-2744,釋迦牟尼佛,佛教,民國44,0,
80E2B6A3-D61E-4B32-A7E4-F1B91A74B410,大行山聖泉寺,新北市瑞芳區碩仁里6鄰魚寮路206之1號,瑞芳區,碩仁里,24974119,釋迦牟尼佛,佛教,民國81,0,
87D86C54-10E9-4F34-AEB9-F133E08D3B75,慧法禪寺(已廢止),新北市雙溪區平林里外平林14號後面,雙溪區,平林里,24933048,釋迦牟尼佛,佛教,民國9,0,
D6213A25-3F83-41CF-A441-EFFD30A0B3E0,天皇宮,新北市新店區中正路54巷28號5樓(暫厝),新店區,,29186957,玉皇上帝,道教,民國58,0,
1451CE88-0C59-49AD-B2F5-EFEE887331FD,新店區永吉宮,新北市新店區安平路22號,新店區,,22112139,諸府千歲,道教,民國68,0,
14422E58-DA1A-4A6E-9186-EE8327D52356,靈泉寺,新北市萬里區瑞泉路2之6號,萬里區,,24921631,釋迦牟尼佛,佛教,民國65,0,
19D9B653-AC57-4E81-8137-EE5F17143457,金福宮,新北市淡水區民安里三民街23號,淡水區,民安里,26212519,池府王爺,道教,民前0,0,
E98E6EBA-B62B-495D-813B-EDF34A5A5168,福德山宮,新北市新店區日興里安康路三段578之1號,新店區,日興里,22141626,福德正神,道教,民國80,,
E73FF017-149B-48BB-A860-EDA79858D08D,永和聖明宮,新北市永和區永元里秀朗路二段24巷14號,永和區,永元里,2929-3959,北極玄天上帝,道教,民國85,0,
E98CEED1-4DD8-4106-9BD3-ED971002E2A2,德玄宮,新北市石碇區豐田里磨石坑36號,石碇區,豐田里,26631845,道德天尊,道教,民國62,民國69年6月1日,
E521C2FA-0421-4041-BFDF-ED414B72E3CD,洪福宮,新北市林口區下福里下福139號之11,林口區,下福里,26062251,福德正神,道教,民前95,0,
726E1F99-286D-4840-BE6D-ED08384BBB70,板橋市正聖福德宮,新北市板橋區新埔里自由路26巷30號,板橋區,新埔里,22569218,福德正神,道教,民國74,0,
4E84A5FD-DBD2-45BC-AD02-ECFAACF455F7,大神宮(已廢止),新北市瑞芳區龍鎮里逢甲路4之1號,瑞芳區,龍鎮里,2977060,菩提祖師,佛教,民國60,,
1C30D0BB-C0C8-4E29-A9FD-ECFA0510C21C,開靈慈隱宮,新北市新店區小坑二路2巷7號,新店區,,26668090,圓通自在大天尊,道教,民國62,民國78年,
FC51F76B-DE76-483A-AE8A-ECB63A1BB05C,新北市八里安福宮,新北市八里區中山路一段123號,八里區,,26102084,李府將軍爺,道教,民前190,0,
16528C21-BE84-44A4-9D62-EC9BB2E7BA2A,瑞福宮,新北市瑞芳區柑坪里明燈路一段84號前,瑞芳區,柑坪里,2496-9135,福德正神,道教,民國3,0,
17BE773D-8202-480D-BE94-EC84074013E4,清水岩(已廢止),新北市土城區清化里青雲路380巷2號,土城區,清化里,22632555,觀世音菩薩,佛教,民國60,0,
5DA132A3-F24C-4E0E-B7E2-EC5ABBDF6085,五東山慈聖宮,新北市汐止區內曾路6號,汐止區,,26471683,瑤池金母,道教,民國70,0,
ED7E2F01-0D06-4569-96CF-EBEBDEC48DE7,慶安宮,新北市貢寮區真理里延平街13號,貢寮區,真理里,24902616,開台聖王,道教,光緒14,0,
006E52A9-D4E0-4E00-B571-EBE022023FD9,淨業寺(已廢止),新北市新店區北宜路一段127巷25號,新店區,,033887756,釋迦牟尼佛,佛教,民國45,0,
B1EBDFEE-9D6B-474F-95C5-EBC80760EB1F,保安廟,新北市淡水區沙崙里淡海路189巷10號,淡水區,沙崙里,28055947,清水祖師,道教,民國57,0,
5C18D611-18A2-47D9-B1CB-EBABF230DF30,台北縣八里鄉竹龍廟(已廢止),新北市八里區大崁里20號,八里區,大崁里,26103645,玉皇上帝,道教,民國60,民70年5月,
79296B2B-B97F-4163-B423-EBAAF59222AA,萬壽宮(已廢止),新北市瑞芳區傑魚里八分寮路10號,瑞芳區,傑魚里,24972024,城隍神尊,道教,民前350,民國80年,
E18DC74E-DD61-414D-BF12-EBA2B769F7D8,蓮香寺,新北市三峽區詩朗16之2號,三峽區,,26729109,三寶佛,佛教,民國91,0,
52DB56B9-8D56-431F-BB97-EB51CF816EB0,樹福宮,新北市樹林區水源街75號,樹林區,,26811485,福德正神,道教,民前180,民國60年,
20C5A386-C1EA-4046-8E41-EB3AB608DB82,樹林市德仁廟,新北市樹林區佳園路二段87號,樹林區,,26803354,三官大帝,道教,民國85,,
42E71B15-C466-4248-8425-EB113610E071,行德宮,新北市樹林區佳園路三段181巷17號,樹林區,,26684077,觀音大士,道教,民國86,0,
FD404B56-0D94-480D-BBE9-EB08AECF65BF,中和佛安宮(已廢止),新北市中和區中原里永和路199巷3號,中和區,中原里,22405881,天上聖母,道教,民國60,民國75年2月15日,
FD573C94-C9CD-4FD1-A640-EB03162F9459,曹洞宗台北別院,新北市石門區老崩山33之1號,石門區,,23934598,釋迦牟尼佛,佛教,民國84,0,
DA27374C-57D0-447F-B110-EAEE2DB7591B,鎮南宮,新北市深坑區大崙腳8號,深坑區,,26623237,天上聖母,道教,民前30,0,
A79262C9-A803-4F1A-B9D0-EAB558F72DC3,光明寺,新北市樹林區光明街62號,樹林區,,26823980,阿彌陀佛,佛教,民國19,0,
0D9040D7-AA8E-41A6-8874-EA9E7A6DDEAC,台北石靈宮,新北市坪林區漁光里中心崙16之1號,坪林區,漁光里,26657053,石靈大帝,道教,民國80,0,
834EC97C-2C70-428A-8AE7-EA619AEA0CB4,北海聖雲宮,新北市三芝區埔尾1之2號,三芝區,,26362861,天上聖母,道教,民國68,0,
D5DE661C-87C2-41C6-A0C0-E9FDD077DD61,菩提院,新北市板橋區漢生里光正街45巷17號,板橋區,漢生里,29657185,釋迦牟尼佛,佛教,民國42,0,
279B67B5-CCAF-41E2-B23C-E9897B536F18,保安宮,新北市瑞芳區猴硐里侯硐路302號,瑞芳區,猴硐里,24972506,關聖帝君,道教,民國13,,
56FBA526-4070-4EF7-AFDA-E972197C2667,吉德宮,新北市鶯歌區鶯桃路285巷26弄2號,鶯歌區,,26785599,福德正神,道教,民國10,民國76年,
5DECC9AB-139D-4798-AB9B-E85BA15B4B22,林口鄉鳳陽寺,新北市林口區湖北里湖子36號之1,林口區,湖北里,86012030,九龍觀世音菩薩,道教,民國89,0,
F227EE1C-9806-4CC1-9C7F-E8213085BF34,真武壇,新北市樹林區西圳街二段41巷1號,樹林區,,26803849,真武大帝,道教,民國81,0,
5D2CCF66-71B1-4929-835D-E7C8D32FD5B1,崇德宮,新北市新店區灣潭路12之2號,新店區,,29117227,三府王爺,道教,民國30,0,
74BE720A-E87F-4557-B68D-E784E60CF802,新北市樹林區山佳觀音廟,新北市樹林區中山路三段136之2號,樹林區,,(02)2680-5212,觀世音菩薩,道教,民國61,0,
C86ACF2C-A1B1-462B-921B-E764692BECB6,龍福宮,新北市土城區青山里國際路71號之1,土城區,青山里,22602022,福德正神,道教,民前15,0,
506B20F4-EB5B-442E-BFB5-E72B37134CC3,頂社福德宮,新北市萬里區頂社44號右側,萬里區,,0910140790,福德正神,道教,民前10,0,
C75A0819-0A2B-4086-B7E7-E6E810C40C10,先帝宮,新北市三重區光輝里文化南路65巷13號,三重區,光輝里,2973-9998,神農大帝,道教,民國64,0,
46A4FA42-EA69-4D56-B923-E690122156D0,財團法人新北市拱北殿,新北市汐止區汐萬路三段88號,汐止區,,26461878,孚佑帝君,道教,民前11,50,
60AF6ED2-2438-46ED-B41F-E5E68D3C4EAE,靈巖寺,新北市平溪區嶺腳里嶺腳寮104號,平溪區,嶺腳里,24951887,觀世音菩薩,佛教,民國38,0,
F7DB88A3-8AFA-4071-BC18-E5A47A2B980A,清華寺,新北市永和區國光路97號,永和區,,89239966,釋迦牟尼佛,佛教,民國75,0,
D6903468-7119-4D98-AB09-E537D551A140,震安宮,新北市土城區埤塘里忠義路24之1號,土城區,埤塘里,22697179,五年千歲,道教,民國76,0,
4D7FEC43-E91C-4ED9-B9EC-E51C5FA1D648,南山觀音寺,新北市中和區內南里興南路二段399巷140號之1,中和區,內南里,29428123,觀世音菩薩,佛教,民國74,0,
B15BF741-7A2D-456D-93EB-E518CF2E436A,磅磅仔三府宮,新北市瑞芳區瑞濱里瑞濱路55之2號,瑞芳區,瑞濱里,2497-6104,朱李池千歲,道教,民國61,0,
5FFBA4BD-B3CA-4EA0-A40D-E4926C3590BB,財團法人新北市三重區慈惠宮,新北市三重區錦通里文化北路17號之1,三重區,錦通里,29722797,蘇府王爺,道教,民國56,0,
64A06DC5-59F8-44A3-9C98-E45276ACFB60,蘆洲護天宮,新北市蘆洲區復興路227巷26號,蘆洲區,,22829437,地母天尊,道教,民國61,0,
9DA80D3E-BD4D-45B4-9B2E-E42C0BFF6DC2,天佛禪寺,新北市坪林區魚堀26之2號,坪林區,,26658092,藥師佛,佛教,民國87,0,
51A692C0-0124-4936-B801-E31E59735D68,中和海山宮,新北市中和區嘉新里員山路327巷42號,中和區,嘉新里,22217969,天上聖母,道教,民國1,0,
1DDC6267-F44A-4A37-B7AB-E3189934065A,財團法人新北市中和區樂天宮,新北市中和區外南里中興街263巷38號,中和區,外南里,22475535,釋迦牟尼佛,佛教,民國42,0,
6C2A183B-1207-4872-9109-E2BD792C9DB3,南天宮,新北市雙溪區新基北街64號,雙溪區,,24931050,關聖帝君,道教,民國55,0,
E8FF2A44-0E33-41AF-80E0-E297ACEC759B,慈福宮,新北市新莊區仁愛街16號之5,新莊區,,29961966,福德正神,道教,民國68,0,
7BF2AABE-A423-41F9-B8D2-E2804B9D6FBF,無量光寺,新北市雙溪區土地公後5之3號,雙溪區,,24934396,釋迦牟尼佛,佛教,民國88,0,
8AFC6006-BDB3-42B7-8E69-E20A3A76EC2D,仁和宮,新北市貢寮區仁里里仁和路9號,貢寮區,仁里里,24901845,天上聖母,道教,民前57,0,
0FDFE6FE-4031-4DA1-9B66-E1E7A21EB621,鎮北宮,新北市萬里區玉田4之3號,萬里區,,24923232,天上聖母,道教,民國73,0,
A9E7B7D8-EA0B-4864-88B8-E1D9AEDE44BF,板橋北極壇,新北市板橋區社後里中正路80巷1弄7號,板橋區,社後里,29680470,玄天上帝,道教,民國21,0,
2CB874E7-9AB9-4B03-815A-E1BFAD6D7D7C,南新宮,新北市瑞芳區南雅里南雅路29號之2,瑞芳區,南雅里,0911953082,三府王爺,道教,光緒24,0,
6055FF96-3DEA-4BC3-BCE0-E1928D972BF6,金山寺,新北市金山區清泉里西勢13-1號,金山區,清泉里,24987696,釋迦牟尼佛,佛教,民國73,0,
383D2FB3-2CC0-4E37-B35F-E166616BA5C0,淡水鎮天后宮(已廢止),新北市淡水區中興里水源街一段53巷31號之8,淡水區,中興里,26229233,天上聖母,道教,民國81,,
390A6E2F-CEFA-423E-834E-E0C5BC80A4BB,聖靈山玉皇宮道元宗,新北市中和區灰磘里員山路6號之3,中和區,灰磘里,22219494,三官大帝,道教,民國75,0,
33F2E271-1F86-4074-BE77-E08C0BBBAD66,福德宮,新北市烏來區烏來里溫泉街1號之1,烏來區,烏來里,26617439,福德正神,道教,民國28,0,
4ABCCB47-6B86-4C59-90C7-E05D5B828578,裕昌宮,新北市五股區成泰路一段235號,五股區,,22925675,福德正神,道教,民國54,0,
DA7C9433-3FB9-4C95-9C33-E005607894BB,上乘靜修精舍,新北市八里區楓林坑8號,八里區,,26104545,釋迦牟尼佛,佛教,民國65,0,
745A39D5-DABF-4A07-9D71-E003E0A53CBD,鼻頭福靈宮,新北市瑞芳區鼻頭里鼻頭路1號後,瑞芳區,鼻頭里,0933-598690,福德正神,道教,民國36,0,
A6E884A0-41DA-4D6F-AB50-E001CC34B9D8,慈願寺,新北市貢寮區美豐里雞母嶺街53之2號,貢寮區,美豐里,24902669,釋迦牟尼佛,佛教,民國76,0,
67011D3C-B016-4F53-9365-DF6CDCC53A34,福德祠,新北市萬里區獅頭3號之1,萬里區,,24924686,福德正神,道教,民前19,0,
952BA8B3-EEB5-429B-9C0B-DF58522D0D98,靈鷲山無生道場,新北市貢寮區福連里香蘭街7之1號,貢寮區,福連里,24991100,釋迦牟尼佛,佛教,民國59,0,
CAC719E3-EB25-428B-972C-DF15DFBD99AC,淡水忠順廟,新北市淡水區蕃薯里南平19號之3旁,淡水區,蕃薯里,26225808,保儀大夫,道教,民國70,0,
B5765B8B-4B86-4B35-988D-DEB141C8830F,印覺禪寺,新北市三峽區有木里有木6之6號,三峽區,有木里,26720474,釋迦牟尼佛,佛教,民國81,0,
4CB02410-CC72-4AA1-8928-DE5F19675F61,北佑宮,新北市汐止區南陽街91巷38弄5號,汐止區,,2694-1552,福德正神,道教,民國30,0,
B78F0274-F4AE-4ED9-8389-DDF6DC521C59,林口永善寺,新北市林口區中湖里佳林路74號,林口區,中湖里,26011896,觀音佛祖,佛教,咸豐10,0,
09508EAD-5BEA-4779-8F76-DD05DFBE5831,千光寺,新北市淡水區水源里楓樹湖15號,淡水區,水源里,26217480,釋迦牟尼佛,佛教,民國76,0,
819187B5-C874-48BC-A351-DC8A1B332372,保佑宮,新北市蘆洲區中正路192巷8號,蘆洲區,,22837158,池府王爺,道教,民前201,0,
69BB88F4-3ECD-4A1D-9C8A-DC5C9B8FBF75,至善大道院,新北市新店區薏仁坑路59之1號,新店區,,22150181,彌勒佛,一貫道,民國69,0,
444237F7-CD9A-4646-B313-DC356C32D63A,無極靈山台,新北市新店區湖興路111號,新店區,,26666919,無極靈山王母娘娘,道教,民國67,0,
46619C6C-C238-408C-B625-DC28F4D61C47,蘆洲慈惠堂,新北市蘆洲區中原路18號,蘆洲區,,22811231,瑤池金母,道教,民國63,0,
BA3CEA55-849F-453F-B0F0-DBEF71EA759E,龍興宮,新北市平溪區十分里十分街312號,平溪區,十分里,24958766,四府王爺,道教,咸豐5,0,
9B5422B0-8C6C-471C-AC1C-DBB156D9DA8D,福安宮,新北市板橋區溪北里溪崑二街73巷1號,板橋區,溪北里,26832249,福德正神,道教,民國50,0,
C79F3F7D-0E04-420C-A9F5-DB9E8F4F738A,後港昭德宮,新北市新莊區後港二路18號,新莊區,,22022193,天上聖母,道教,民前2,0,
21EF966B-D5D7-492B-B424-DB5EEC3C61CC,新莊慈惠堂,新北市新莊區碧江街82號,新莊區,,29926636,瑤池金母,道教,民國55,0,
DFC0E8B6-3CB2-455E-AD6A-DB4874CF7257,妙覺寺,新北市淡水區民生里樹梅坑6-2號,淡水區,民生里,28095925,釋迦牟尼佛,佛教,民國75,0,
19D18B9C-D453-4904-8CB5-DB4029FCD0E4,利洋宮,新北市貢寮區福連里福興街25號,貢寮區,福連里,24991226,觀音佛祖,佛教,民前181,0,
4C7A91AA-B15D-45DF-A5D9-DB3C543DA1DB,合興宮,新北市新莊區中正路893巷136號之1,新莊區,,29023189,福德正神,道教,民前30,0,
0348A50A-22DF-4D72-A45A-DB093665A6F0,板橋後埔福德宮,新北市板橋區後埔里重慶路67巷3號之1,板橋區,後埔里,29534706,福德正神,道教,民前49,74,
394EDA5B-1F7C-47C9-A5FE-DAD53D7598FC,鎮安宮,新北市三重區文化里信義西街1巷9號旁(暫厝),三重區,文化里,29857672,中壇元帥,道教,民國34,0,
57985D1D-B95B-499C-8E8A-DAC6BAE41996,佛慈禪寺,新北市瑞芳區新峰里員山子路39號,瑞芳區,新峰里,24976080,釋迦牟尼佛,佛教,民國73,0,
8D81993E-45AF-4847-AA9E-DAC021E32B1A,清涼寺,新北市蘆洲區復興路323巷臨4號,蘆洲區,,22888032,觀世音菩薩,佛教,民國76,0,
E6AF1617-E9C1-4C08-9FB1-DABA8A0B7EB2,長壽山慈悲宮,新北市三峽區溪北里介壽路三段210號,三峽區,溪北里,86766972,無極混玄聖祖,道教,民國56,0,
CC8D1A82-8F9E-4EFD-9845-DA3C7379045A,法界禪寺,新北市樹林區文化街112巷17弄2號,樹林區,,26861430,釋迦牟尼佛,佛教,民國57,0,
83ECD3C4-5A52-4EA1-A8DA-D9D56B883A09,凌雲寺,新北市五股區凌雲路三段57號,五股區,,22912942,觀音佛祖,佛教,乾隆4,0,
3CFFD874-3427-40C7-8C2B-D9832A8D8A04,載福宮,新北市瑞芳區龍川里一坑路297號,瑞芳區,龍川里,0937-426420,福德正神,道教,民國30,0,
52A63BD5-1601-422E-8B2C-D94325116847,大佛寺,新北市新店區太平里碧潭路33號,新店區,太平里,22121695,觀世音菩薩,佛教,民國53,0,
7A633345-7956-4910-BA6A-D8F245B52E97,天寶殿,新北市淡水區樹興里白石腳3號,淡水區,樹興里,86260597,王母娘娘,道教,民國59,0,
846C0BE3-DF2F-4EDC-91DD-D859C3662C54,山口廟,新北市三重區光陽里中華路2巷31弄10號,三重區,光陽里,"2985-1038總務 陳秋燕",舍人公,道教,民國73,0,
3C9DE829-C5BE-40A6-86BB-D810D4707D84,蓮雲寺,新北市五股區凌雲路二段33號,五股區,,22920565,三寶佛,佛教,民國79,,
EE910EFB-F582-4864-8C2F-D80ACA94E90C,中和中興福德宮,新北市中和區新南里中興街126號之1,中和區,新南里,22492788,福德正神,道教,乾隆0,0,
E50FAC40-CCDF-4072-B1E0-D7F0F1862220,淡水新興福德宮,新北市淡水區新民里新民街99號,淡水區,新民里,26206455,福德正神,道教,民國70,0,
DCD1B0AE-30C8-4577-8BC2-D76BFAFBBB9D,天慶堂,新北市貢寮區龍崗里嵩陽街38號,貢寮區,龍崗里,24941663,明明上帝,一貫道,民國38,0,
6BBFF876-D3BF-4BB1-A463-D747A2F5CCC1,和衷宮,新北市淡水區草東里公明街56巷1號,淡水區,草東里,26264155,朱府三王爺,道教,民前54,0,
82A3427E-9151-4D7E-9A1B-D71F37FC751C,財團法人新北市寶山關帝廟,新北市汐止區瑞松街204巷23號,汐止區,,25066602,關聖帝君,道教,民國104,0,
6924C700-051B-468D-ACFD-D710E3EBE568,新北市淡水區普照寺,新北市淡水區賢孝里公埔子2號,淡水區,賢孝里,28011596,釋迦牟尼佛,佛教,民國88,0,
C7929DC7-AA4F-4C0E-9648-D6F7B1CF1DDB,興善宮,新北市汐止區長青路1號,汐止區,,26451237,關聖帝君,道教,民國67,0,
2AD5EC4A-194C-44E3-B9DB-D67EB18752FA,財團法人新北市鶯歌玄受宮,新北市鶯歌區尖山埔路2段168號,鶯歌區,,"02 2677 3456",玄天上帝,,,0,
7F16D668-D622-4C63-BDC9-D6222EC2F793,慈修禪寺,新北市淡水區北投里北投子路92號,淡水區,北投里,26215270,釋迦牟尼佛,佛教,民國15,0,
73CBC40D-0F86-4649-BA1F-D60707602001,新莊福德祠,新北市新莊區新莊路207號,新莊區,,29929884,福德正神,道教,民前165,0,
0C517439-4840-44D4-94DC-D5DF97E1E00B,淡水真武廟,新北市淡水區八勢里八勢路一段100巷6號,淡水區,八勢里,28093195,真武大帝,道教,民國75,0,
44E6E67B-2794-4EA7-8818-D5966A05DA4D,三重奉巡府,新北市三重區永發里中正北路317巷16號,三重區,永發里,2983-9753,蘇府王爺,道教,民國67,0,
AF532463-06BF-4180-9ED5-D584EFF2D86A,財團法人新北市中和福和宮,新北市中和區廟美里廣福路112號,中和區,廟美里,22495338,神農大帝,道教,民前145,0,
1A151ADC-F419-43A4-92DF-D573A299FFC0,清海宮,新北市蘆洲區民族路422巷82弄9號,蘆洲區,,22855020,三官大帝,道教,民國79,0,
B469170D-4A51-48C4-97D7-D549D3E54106,觀玉堂(已廢止),新北市汐止區長安里長安路77巷19號,汐止區,長安里,26410153,圓通自在大天尊,道教,民國75,,
7BC2226F-6B27-4AA1-9A12-D51EC7574AB4,光明禪寺,新北市石碇區石碇里碇南路二段鹿窟巷17號,石碇區,石碇里,26631298,釋迦牟尼佛,佛教,民國2,0,
CD7AB158-F156-4B16-80D1-D50DE52D7378,慈雲岩,新北市中和區錦和里圓通路367巷66號,中和區,錦和里,22473525,觀世音菩薩,佛教,咸豐0,0,
D12EF871-459C-4A2D-AF57-D4EC87342FAC,智成堂,新北市三芝區海尾17號,三芝區,,26362557,關聖帝君,道教,民前12,0,
907F516C-C301-45A8-B1A5-D4DD7BB93083,上德宮,新北市坪林區上德里坪碇路249號,坪林區,上德里,0987037403,天上聖母,道教,民國66,0,
AF707314-F02F-4FE2-A96F-D4B53E49CBD8,五股玄天宮,新北市五股區中興路二段9巷8號,五股區,,29885178,北極玄天上帝,道教,民國62,0,
02605C21-D901-4778-ABB6-D4A73574648E,台灣全真仙觀(尚未取得正式寺廟登記證),新北市土城區南天母路100號,土城區,,,孚佑帝君,道教,,0,
685BBF34-2C6A-4367-88CA-D44375A6849E,新店玫瑰社區福德宮,新北市新店區玫瑰路35號,新店區,,22155900,福德正神,道教,民國75,0,
45E0B923-2A87-41D5-8CE1-D3F7C010FFDD,福安宮,新北市三重區長元里長元街82號之1,三重區,長元里,29725712,福德正神,道教,民國25,0,
4EA69769-CC17-4E0C-A372-D3E79D15771E,法龍寺,新北市瑞芳區龍鎮里10鄰逢甲路150之1號,瑞芳區,龍鎮里,2497-8357,觀世音菩薩,佛教,民國43,0,
390D30A5-A85B-432D-AE6C-D3CBAB64EABD,準提寺,新北市三峽區白雞路100之8號,三峽區,,26743750,釋迦牟尼佛,佛教,民國83,0,
7EC3F1CA-51D9-44BD-BBC5-D38DF3152662,保安宮,新北市板橋區溪頭里長江路3段55巷26號3樓,板橋區,溪頭里,22558954,保生大帝,道教,光緒0,0,
AAD47DDE-0FE1-4FA0-A492-D38330A02E9F,三芝北海天公廟,新北市三芝區後厝里土地公坑61之5號,三芝區,後厝里,26363508,玉皇大帝,道教,民國85,0,
56F8686D-9D77-4F48-9155-D33B8BB64C21,太璞宮,新北市三重區永發里中正北路317巷1號,三重區,永發里,29719675,孚佑帝君,佛教,民國3,0,
3F57138A-FCB5-4188-8225-D31E4148B99D,忠仁廟,新北市瑞芳區新峰里三爪子坑路309之2號,瑞芳區,新峰里,2497-6427,保儀大夫,道教,民國71,0,
D10EF73D-4B2D-4163-8BF1-D2E8C5BFDB11,板橋聚靈宮,新北市板橋區雙玉里中山路二段臨303號,板橋區,雙玉里,29574189,福德正神,道教,民前156,民國71年,
C0D22C0B-2A35-41B8-89C5-D2DBE662E994,石頭厝福德宮,新北市新店區安利街26號旁,新店區,,86666527,福德正神,道教,民國1,0,
57B2A523-98BE-48AA-BB2F-D2CF17F43CCE,五聖山慈鳳宮,新北市樹林區獇寮里15鄰保安街二段337巷15號,樹林區,獇寮里,(02)26887537,王母娘娘,道教,民國65,0,
193B4C0A-69A9-4F15-840F-D2A2C4C30A6B,玉桂嶺東隆宮,新北市石碇區豐田里玉桂嶺5之6號,石碇區,豐田里,26633915,溫府王爺,道教,民國84,0,
7FBA0D5F-057C-45E2-839C-D243A6A76B80,慶林宮,新北市坪林區大林里九芎林31號,坪林區,大林里,,楊府元帥,道教,民前24,0,
60BD42BD-500A-44E0-8805-D242470E7EEB,慈上堂,新北市汐止區橫科路407巷25弄17號之1,汐止區,,26406173,三清道祖,道教,民國80,0,
AF65C79E-3CD0-4F38-8210-D211B30B1F8D,埔墘福德宮,新北市板橋區九如里中山路2段250巷1號,板橋區,九如里,29645591,福德正神,道教,乾隆19,0,
3C19118B-D97F-489F-B314-D1CF55BCD143,明天宮,新北市雙溪區共和里中山路41巷7號,雙溪區,共和里,24931138,關聖帝君,道教,民國59,0,
9C3F7AD9-376C-474C-899B-D1B12D4A43A0,新北市板橋區逢元宮,新北市板橋區振義里中山路二段565巷29號,板橋區,振義里,29510964,天上聖母,道教,民國60,0,
3977C6C7-B574-4460-97D5-D0F4035AF6AA,靈山媽祖廟,新北市新店區銀河路86之1號,新店區,,22177999,天上聖母,道教,民國79,0,
39C3B539-7685-4420-8BD0-D0435514B362,慈音寺,新北市瑞芳區上天里5鄰大寮路63巷11號,瑞芳區,上天里,2497-2027,觀世音菩薩,佛教,民國62,0,
4ADA75FA-19FB-400C-8E52-CFEF5D66D32E,志安宮,新北市泰山區貴子里明志路三段196巷23弄22號,泰山區,貴子里,29023064,諸府千歲,道教,民國65,0,
6E08D560-B3CA-4238-BD9E-CFB0CB765789,天龍宮,新北市金山區海興路43號之2,金山區,,24982876,真武大帝,道教,民國67,0,
1C548825-A445-4734-9889-CF6A13F681CF,竹林寺,新北市新店區文中路66號,新店區,,29111937,釋迦牟尼佛,佛教,民國41,0,
B43C033C-5B24-4777-A5C2-CF652BF307B9,財團法人新北市中和廣濟宮,新北市中和區枋寮里中和路95號,中和區,枋寮里,22499862,開漳聖王,道教,民前180,0,
602DBA5C-1B0F-42BE-A732-CEF3E4D16D53,三重代天府,新北市三重區尚德里忠孝路一段21巷4號,三重區,尚德里,2988-3749,五府千歲,道教,民國61,0,
C02D16E8-F4DF-4890-AEB6-CE8DEF909908,廣熙宮,新北市三重區厚德里後竹圍街60號,三重區,厚德里,29816472,正一天師,道教,民國65,0,
4765C3BE-C157-4B62-88C7-CE7D1B313977,財團法人台灣省台北縣觀音山凌雲禪寺,新北市五股區凌雲路三段116號,五股區,,22913771,觀世音菩薩,佛教,民前29,0,
AB7D1D4B-2F71-4677-B1FB-CE0EFA636F93,文化明正宮,新北市土城區青雲路669之5號,土城區,,22604865,天上聖母,道教,民國81,,
2E05BAE8-1587-44E7-BC58-CDD97B87DC81,中正宮,新北市鶯歌區中正三路291巷15弄4號旁,鶯歌區,,86772645,福德正神,道教,光緒14,0,
E04F5DFE-CFC6-491F-9344-CDA84E11CAB3,財團法人新北市大觀書社,新北市板橋區黃石里西門街5號,板橋區,黃石里,89658599,文昌帝君,道教,民前38,69,
C3A8D9A8-2E96-4DAD-8F13-CD845442824E,鶯歌竹圍宮,新北市鶯歌區中湖街315巷1號之1,鶯歌區,,26783889,西王金母,道教,民國65,0,
51B034F3-5AC9-4063-AD25-CD630EC95CDF,崎仔頭福德宮,新北市中和區景平里21鄰景平路159巷9號,中和區,景平里,29403036,福德正神,道教,,0,
341D3327-6665-4F62-96FD-CD56220A723B,慈德廟,新北市淡水區水源里楓樹湖18之1號旁,淡水區,水源里,26236133,蘇、許先童公,道教,民前354,0,
65F4323F-B2ED-4178-A0EE-CD3A80FD3365,新北市三峽靈隱寺,新北市三峽區竹崙里紫微南路11號,三峽區,竹崙里,26682333,彌勒佛,一貫道,民國67,0,
7CA9CE7B-5791-4822-8987-CD0FB35672C0,福山天惠堂,新北市土城區青雲路486之1號,土城區,,22622162,明明上帝,一貫道,民國81,0,
DC390933-5DF5-4B3E-B3E1-CCA6C65614FA,財團法人新北市護國吉祥寺,新北市樹林區吉祥街55號,樹林區,,26806469,藥師佛,佛教,民國53,0,
D180F466-CE4D-40AE-A9BF-CBC5D341F83F,聖佑宮,新北市三重區永豐里永福街269號,三重區,永豐里,22869473,天上聖母,道教,民國66,0,
77173B66-CB45-4322-BBFD-CB7310A0A25F,永勝慈惠堂,新北市三重區國隆里大同北路54巷10號,三重區,國隆里,2983-2017,瑤池金母,道教,民國76,0,
B684EC34-51CD-439D-BC1C-CB68C28B81E8,潤德宮,新北市板橋區成和里大觀路三段36巷83號之1,板橋區,成和里,26759484,福德正神,道教,民國48,0,
BB0B7A58-2900-48D9-8D31-CB58FF62FA0C,慈仁宮,新北市貢寮區雙玉里田寮洋街13號,貢寮區,雙玉里,24941358,天上聖母,道教,民前98,0,
2C8F2F49-CAE9-4D3F-BC6E-CB2B94D75069,慈祐宮(媽祖宮),新北市新莊區新莊路218號,新莊區,,29923293,天上聖母,道教,康熙25,0,
516636E1-0697-4FBB-8F7B-CAD53E4719F7,聖天宮,新北市樹林區坡內里4鄰保安街二段45巷101之1號,樹林區,坡內里,(02)2682-6166,西王金母,道教,民國58,0,
A269B79C-3152-4BA6-B6F5-CAADAD62EBD5,興申宮,新北市新店區民生路147巷2號,新店區,,82187012,諸府千歲,道教,民國56,0,
80950C22-1E99-4C3B-9F1C-CA87418A204B,緣道觀音廟,新北市淡水區蕃薯里安子內3號,淡水區,蕃薯里,26269242,大自在王佛,佛教,民國89,0,
44A836D9-248E-478B-B8AB-C9FE75E0840E,營盤福德宮,新北市新莊區福營里福營路103號,新莊區,福營里,29069866,福德正神,道教,民國17,0,
5D2927D0-912B-4EEE-ADD4-C9DD312B16D9,觀音巖,新北市平溪區平溪里3鄰公園街18號,平溪區,平溪里,24951292,觀音佛祖,佛教,民國38,0,
17F3382F-12E0-4799-AB64-C9AB5A4AB44B,聖江廟,新北市淡水區草東里中正路5巷27號,淡水區,草東里,26229653,文武尊王,道教,民前25,0,
0E751152-0CD2-4990-94B4-C99F469D3D77,妙慧禪寺,新北市汐止區小坑路8號,汐止區,,26473856,釋迦牟尼佛,佛教,民國5,0,
936D240E-3CE2-4321-9B50-C8CD24B663C1,財團法人新北市白象寺,新北市新店區安忠路57巷5之1號,新店區,,23370233,釋迦牟尼佛,佛教,民國45,0,
D14A3035-3C1D-4334-9DB4-C844FCE9ECAE,北山福德宮,新北市汐止區康寧街89號,汐止區,,0932391417,福德正神,道教,民國50,0,
ED2D7D98-6528-4E96-A2ED-C80DC966CC79,龍雲宮,新北市五股區民義路二段22巷19弄21號之2,五股區,,22935676,天上聖母,道教,民國80,0,
464E9B57-6691-455F-81C5-C7F2D5C8C9D0,埤墘福德宮,新北市板橋區華江里莊敬路179號(中山公園內),板橋區,華江里,22521239,福德正神,道教,民前116,0,
71239CCB-FFF3-41F5-BD22-C7BC4DFBE252,嘉天宮,新北市三重區龍濱里河邊北街176巷9之5號,三重區,龍濱里,2973-6691,天上聖母,道教,民國56,0,
2083002D-182E-43E5-9D3C-C77B77072644,陀靈寺,新北市五股區集福里孝義路48號,五股區,集福里,22913816,地藏菩薩,佛教,民國51,民國71年12月22日,
F1B7BBE9-C727-460C-AA05-C712B98F4C68,慈雲寺,新北市瑞芳區海濱里19鄰濱二路56號,瑞芳區,海濱里,2497-5713,釋迦牟尼佛,佛教,民國63,0,
F3FA3205-156E-4E9C-B361-C707E65479D1,崇聖廟,新北市石碇區中民里91號,石碇區,中民里,26631721,釋迦牟尼佛,佛教,民國43,0,
B9ED8542-8BA2-4D0F-8799-C682F145762D,妙善宮(已廢止),新北市鶯歌區中正一路269巷62號,鶯歌區,,26795333,明明上帝,一貫道,民國65,0,
CE13FC0F-BE2E-48E7-B297-C664DF36324A,北后雲天宮,新北市汐止區東勢街76巷26號,汐止區,,26603516,十二延天溪女娘娘,道教,民國91,0,
7BE3AB59-CCB0-4AD3-8245-C64E2F24038D,竹林慈玄宮,新北市淡水區民生里大同路220號,淡水區,民生里,28098878,玄天上帝,道教,民國57,0,
FCDD4204-E799-4CEA-836D-C5CD704B0666,一如慈惠堂,新北市八里區荖阡坑路24號,八里區,,26101691,西王金母,道教,民國75,0,
65B5D12D-F95B-4CA4-B3CD-C5C05169E01F,新海福德宮,新北市板橋區中正里新月三街3號,板橋區,中正里,29666001,福德正神,道教,民國72,0,
57DEEBB3-F86A-49D5-ADA6-C4E75EA7A203,萬里鄉野柳村福德祠,新北市萬里區野柳國小旁,萬里區,,,福德正神,道教,民國61,0,
AB606A51-997E-458C-A6DE-C4A118620808,東澳朝天宮,新北市萬里區東澳26號之1,萬里區,,24928172,天上聖母,道教,民國56,0,
267B0288-EE2E-4F26-B792-C4709098A698,湖山巖,新北市中和區內南里興南路2段261巷11號,中和區,內南里,29441680,觀世音菩薩,道教,民國63,民國65年,
2BA7DFFF-37D6-4EA7-B37D-C3C2560CAD9F,俊賢宮,新北市新莊區中港路483巷8號,新莊區,,29978007,福德正神,道教,民國51,0,
C116CE87-5505-4BC9-8A80-C381DC9F842C,興音寺,新北市淡水區樹興里5鄰興福寮1-5號,淡水區,樹興里,86263375,觀世音菩薩,佛教,民國67,0,
5C223B80-78EB-41BE-9405-C36E321966FE,靈芝慈惠堂,新北市鶯歌區尖山里黃厝街9號,鶯歌區,尖山里,26784479,西王金母,道教,民國62,0,
944C7E42-EFB4-4CF7-B09C-C365FAE6ABB2,樹林慈聖天后宮,新北市樹林區山佳里新興街37巷24之1號,樹林區,山佳里,2680-3524,天上聖母,道教,,0,
C5AC85AF-E0B7-4184-B2A2-C30309D2CC7B,南天宮,新北市汐止區瑞松街18巷9號,汐止區,,26419886,孚佑帝君,道教,民國54,0,
2D7D2388-C3F6-4723-9376-C2A037567BC9,瑞濱深德宮,新北市瑞芳區瑞濱里瑞濱路123之1號,瑞芳區,瑞濱里,2497-2944,天上聖母,道教,民國33,0,
7E97C72C-FC32-404F-9D49-C26AE1DBE243,聖德宮,新北市土城區清化里青雲路424號,土城區,清化里,22612465,三官大帝,道教,民前115,民國77年9月,
7EBE8A18-C6E7-4CEE-97E9-C1B6AF0F8ECF,福興宮,新北市板橋區湳興里南雅西路一段174巷1弄15號,板橋區,湳興里,29699489,福德正神,道教,乾隆45,0,
5C17D9A9-34BC-48CA-81D6-C1AA7661EEC6,和美宮,新北市中和區福祥里永和路66巷1之1號,中和區,福祥里,22438310,福德正神,道教,民國32,0,
4D43600C-91C5-4503-B479-C0B90AA43ADC,三峽九龍萬億宮,新北市三峽區金圳里圳頭7之1號,三峽區,金圳里,26720426,天上聖母,道教,民國72,0,
355B6E33-CF94-4855-BC20-C011AEB05F5A,德心宮,新北市貢寮區雙玉里德心街10號,貢寮區,雙玉里,24942345,天上聖母,道教,道光10,0,
96A51CEE-9513-47AA-A1FF-BFEFE15452A0,宏法禪寺,新北市板橋區鄉雲里四川路一段232巷1號,板橋區,鄉雲里,29615214,釋迦牟尼佛,佛教,民國47,0,
990B0AAD-70AB-47F6-8C33-BF5F007B02C9,三元宮,新北市土城區裕民路147號,土城區,,22662827,三官大帝,道教,民國60,0,
09AC1802-FBCF-4101-A85A-BEB25FEC142C,新莊信安宮,新北市新莊區博愛路2巷1號,新莊區,,29938011,盧王千歲,道教,民國56,0,
2FCF0096-407C-47CD-85F7-BE8521D5B5FF,慈德寺,新北市三峽區中園街86巷1號,三峽區,,26711213,釋迦牟尼佛,佛教,民國17,82,
A619803F-445B-4F0E-97FC-BE7DB2C7AAB4,台北五股坑朝天府,新北市五股區民義路一段255號之12,五股區,,22917458,北府五王,道教,民國65,0,
A4CC570E-CAF4-4853-A09B-BE632DC5D46D,玉勒紫明代天府建凌宮五大巡總廟,新北市汐止區北山里明峰街288號,汐止區,北山里,26952731,諸府千歲,道教,民國65,,
5E505215-3C7C-4890-A585-BE1FFBFD248D,聖靈宮,新北市淡水區永吉里清水街224號,淡水區,永吉里,,玄天上帝,道教,民前50,0,
6D2AE44A-A860-41D5-AE1A-BDF751966899,興道山聖南寺,新北市雙溪區聖南30號之1,雙溪區,,24931615,釋迦牟尼佛,佛教,民國30,0,
DFDF9454-47F9-4BF3-B1A0-BDE851F7676F,聖龍宮,新北市三峽區竹崙里三層坪路49號,三峽區,竹崙里,26726179,東華帝君,道教,民國50,0,
F0147E9B-D892-4568-82F1-BD35051B4599,新北市義天宮,新北市三重區永福里車路頭街150號,三重區,永福里,22868146,天上聖母,道教,民國69,0,
E0E4C737-B73E-4AFF-BF8D-BC7C5E19EFC6,南青宮,新北市新店區青潭里北宜路一段286號,新店區,青潭里,22171341,朱府王爺,道教,民國37,0,
E3055695-A798-4008-ABEE-BC541DCA3D14,威遠廟,新北市瑞芳區濂新里4鄰明里路7之1號,瑞芳區,濂新里,2496-1937,鄭成功,道教,民國7,0,
48D519DB-164C-42BD-BE92-BC04547F0E8A,佛國寺,新北市三峽區成福里成福路315巷21號,三峽區,成福里,26681482,釋迦牟尼佛,佛教,民國83,0,
5B616527-BC4B-4435-A078-BBCDDBD55055,福山宮,新北市瑞芳區永慶里崙頂路2號,瑞芳區,永慶里,2496-0303,福德正神,道教,民前114,0,
9E17BCA6-3043-4017-B832-BB5F338D364C,仁安廟,新北市貢寮區真理里新港街26巷53之1號,貢寮區,真理里,24902606,三山國王,道教,民國44,0,
F52A5CE8-FCC8-4D19-8DCD-BA8C5E35D24A,新莊鳳山宮,新北市新莊區化成路116號,新莊區,,29918296,武德英侯,道教,民國52,0,
22CAA68A-FC26-4BBE-847C-B9F18E6DD41F,長興宮,新北市瑞芳區上天里粗坑口路1巷2之2號,瑞芳區,上天里,2457-6721,福德正神,道教,民前35,0,
3E01198A-D70E-4874-BEDD-B985A1859A1C,龍鳳巖,新北市五股區民義路一段107巷23號,五股區,,22913964,顯應祖師,道教,民國73,0,
E41EA03C-5F13-482C-84C9-B980BB80F3D4,明園大佛寺,新北市八里區11鄰牛寮埔1號,八里區,,26182525,釋迦牟尼佛,佛教,民國70,0,
19CA4F2C-F61C-450B-8AAC-B940D7E95BD3,三官宮啟惠修原堂,新北市新店區雙坑里長峰路65號,新店區,雙坑里,29151288,三官大帝,道教,民國69,,
470481AD-F314-42A2-B543-B9274AC2579E,福佑宮,新北市蘆洲區中正路192巷12號,蘆洲區,,22837158,福德正神,道教,民國4,0,
E49619FC-E8EB-40C3-A52D-B8DF589B79CC,林口東湖福德宮,新北市林口區西林里仁愛路二段148號之1,林口區,西林里,26017766,福德正神,道教,民國35,0,
995397AE-F30B-48BB-AFAE-B87809F8D93A,石門洞五龍宮,新北市石門區中央路37之2號,石門區,,26381024,無極混元聖祖,道教,民國58,0,
C6F50C67-B8BC-41ED-99C8-B84CD4ED896C,北台寶凰宮,新北市泰山區同榮里犁頭窠7號之3,泰山區,同榮里,22970951,地母天尊,道教,民國64,0,
72D7770D-0BDD-44FA-AFF1-B8026F3DDFC1,蘆洲文武大眾爺廟,新北市蘆洲區成功路156之1號,蘆洲區,,22832023,文武大眾老爺,道教,民前18,0,
12F34E16-70DA-4777-A05C-B7780D71FEE4,淡水黃帝神宮,新北市淡水區水碓里水碓子94之1號,淡水區,水碓里,26212815,黃帝老祖,軒轅教,民國61,0,
2EE49B0C-4D9C-4CB5-82FF-B7521DCCBE91,朝聖宮,新北市五股區民義路一段115號,五股區,,22921533,軒轅黃帝,道教,民國62,0,
244A990A-BA75-4857-8D86-B747A64BC135,亮天宮,新北市板橋區九如里三民路二段70巷17之3號,板橋區,九如里,29628915,天上聖母,道教,民國58,0,
9B188F97-D9B5-4319-8C78-B6ADAD8D9425,新北市石門雪山玄武廟,新北市石門區楓林40之2號,石門區,,26383377,玄天上帝,道教,民國86,0,
04649C60-5E18-4CCF-AEEF-B699AAB2127E,福興宮,新北市樹林區光興里光榮街2之1號,樹林區,光興里,(02)26882754,福德正神,道教,民國59,0,
4A74DC76-F87F-46F0-9916-B5FC9C217F02,屯山古聖廟行忠堂,新北市淡水區忠山里椿子林18號,淡水區,忠山里,26212649,關聖帝君,道教,民前13,0,
500E145D-5DDD-4BC7-A708-B5BCA6B4EA05,保安寺(已廢止),新北市三峽區溪北里8鄰橫溪路53號,三峽區,溪北里,86766799,觀音大士,佛教,民國55,0,
B8468219-3874-4DFD-8749-B4E2B59FDEDF,淨覺寺,新北市八里區荖阡坑路15之40號,八里區,,26101736,釋迦牟尼佛,佛教,民國80,0,
F45BE488-B6B5-45F0-8351-B481887BC07A,財團法人新北市普天宮,新北市三峽區介壽路三段172巷36號,三峽區,,86711746,包拯,道教,民國57,0,
A0638E8F-707A-4412-91D4-B3D8B24AEE26,善導庵,新北市新莊區化成路554巷53號,新莊區,,85223630,釋迦牟尼佛,佛教,民國30,0,
BA5797BF-0441-4C3C-A5DF-B3719112AAE3,金龍山北峰寺,新北市汐止區湖前街110巷101號,汐止區,,26950721,觀世音菩薩,佛教,民國30,0,
E410C9E6-DD97-4AAB-9AD2-B3533C632790,三峽五聖宮代天府(已廢止),新北市三峽區鳶山里25鄰茅埔3號,三峽區,鳶山里,26712543,諸府千歲,道教,民國97,0,
617ACD2B-9CE4-40EB-BC54-B34BB76CFB39,妙宗秀明宮,新北市三芝區興華里19鄰車埕68號之1,三芝區,興華里,26371998,觀世音菩薩,道教,民國80,0,
DDCDF293-966E-4072-B4BC-B31E7B65EB61,九龍山上帝公廟,新北市石碇區光明里碇南路二段松柏崎巷33號,石碇區,光明里,26632194,玄天上帝,道教,民國66,0,
795C7FC7-EE07-4834-930B-B2971913295D,明陽慈惠堂,新北市石碇區永定里大湖格2之1號,石碇區,永定里,26638559,瑤池金母,道教,民國73,105,
7610A5CA-38C7-4A0C-B0A1-B26523F73174,玉旨玄聖宮,新北市新店區中正路663巷7弄15號,新店區,,22181104,玄天上帝,道教,民國63,0,
0A425219-8EBC-40DF-879E-B2280DFF50B3,三重同仁宮,新北市三重區二重里大有街1之41號,三重區,二重里,29822762,福德正神,道教,民前44,0,
53D2E128-76CA-42B4-8201-B1F3CFEF373E,萬里區磺潭里福德宮,新北市萬里區磺溪12號左前方100公尺,萬里區,,03-2983580,福德正神,道教,民國67,0,
0DBD0418-11EC-4898-8F10-B1B89A5FB002,助順將軍廟,新北市五股區登林路108號,五股區,,22925016,助順(大)將軍,道教,民國57,0,
39BEA1DF-600D-4F64-8926-B1B2F2A558E2,金山佛堂(已廢止),新北市瑞芳區佛堂巷48號,瑞芳區,,24978913,釋迦牟尼佛,佛教,民前8,民國77年,
4845FB93-A724-4E7B-8271-B120B5CA6CA2,樹林慈恩宮,新北市樹林區太平路227號,樹林區,,86845616,地藏菩薩,道教,民國65,0,
BC1A7D07-C0E8-40DB-981D-B0F5E9BB3439,協德宮,新北市坪林區大林里魚堀44-1號,坪林區,大林里,26657887,關聖帝君,道教,民前5,0,
79F4FD15-AD8C-4920-A0D8-B0F359A01D44,忠孝宮,新北市瑞芳區深澳里建基路二段5號,瑞芳區,深澳里,0935142040,關聖帝君,道教,民國40,民國80年1月,
FE29225C-7167-4AF4-B229-B06D4231E960,大眾廟,新北市板橋區留侯里西門街69號之1,板橋區,留侯里,29661198,大眾爺,道教,民前42,0,
88FA2192-EC9E-419F-B050-B03938057874,安樂寺,新北市金山區西勢湖20號,金山區,,24985911轉5227,釋迦牟尼佛,佛教,民國77,0,
EA64A76C-392C-407E-88CF-B0392F81CB89,慶山慈惠堂,新北市雙溪區15鄰三叉坑13號,雙溪區,,24934055,瑤池金母,道教,民國81,0,
4E1058E2-EE8D-4B9D-B98D-B02BA85223B2,西安嚴顯應祖師廟,新北市新莊區西盛里瓊林南路305巷18號,新莊區,西盛里,29066581,顯應祖師,道教,民國5,民國74年5月,
C4D6E6A8-6FC5-40BE-B416-AFEF64487ED6,西靈巖,新北市貢寮區和美里和美街49號,貢寮區,和美里,24902329,觀世音菩薩,佛教,民前95,0,
7DCB8F4C-41B5-4811-93DD-AF3E3CCF96E1,真武廟,新北市板橋區光復里光復街192巷11號,板橋區,光復里,29628769,北極玄天上帝,道教,民國38,0,
7400E8E3-BC71-4563-842A-AF3BC39393F3,威靈宮,新北市金山區民生路146號,金山區,,24983018,三府王爺,道教,民國53,0,
23CFD9C4-6FB2-4DCB-9A3D-AEB25378A729,慈生堂,新北市三重區萬壽里安和路58巷19號,三重區,萬壽里,2972-2335,九皇大帝,道教,民國51,0,
6501CE0C-DC26-4126-B156-AE93C29ECD10,蓮池庵,新北市石碇區光明里碇南路二段8號,石碇區,光明里,26633431,三寶佛,佛教,民國86,0,
0E41D393-35F4-4130-91EE-AD520E2A7D38,臺灣色拉傑雲登山寺,新北市深坑區王軍寮7之2號,深坑區,,22620113,三寶佛,佛教,民國80,0,
09B85B0B-4762-49DD-B6A3-ACC7E71A390A,九天玄女宮,新北市五股區中直路崩山巷9之3號,五股區,,22933177,九天玄女,道教,民國83,0,
310204B7-2540-42F6-81C1-ACC631A376B0,保女廟,新北市瑞芳區爪峯里10鄰三爪子坑路279之1號,瑞芳區,爪峯里,2497-3438,釋迦牟尼佛,佛教,民國33,0,
42E74C81-FACF-452E-8157-AC43DDD9956C,金山寺,新北市泰山區貴賢里明志路三段163巷8弄1號,泰山區,貴賢里,29043021,釋迦牟尼佛,佛教,民國82,0,
06DD71AF-7FB7-4052-AD70-AC2343404989,臨水宮(已廢止),新北市新店區溪洲路30號,新店區,,22121090,順天聖母,道教,民國57,0,
D22E5FFC-CE0B-4152-97EA-AB780D1C199B,海會寺,新北市新店區灣潭路72之1號,新店區,,29141275,釋迦牟尼佛,佛教,民國45,,
7AC2906E-761C-4AB7-BEFF-AB520D63B2CA,重興宮,新北市樹林區太平路247巷26之1號,樹林區,,86844058,福德正神,道教,民前50,0,
DE15A1F0-DE1B-4822-A72B-AB0AE2491D02,天龍宮,新北市深坑區阿柔里阿柔洋61號,深坑區,阿柔里,26621931,顯應祖師,道教,民國32,0,
12545F38-1C85-49B5-8ED8-AACC37DA1E82,隆恩埔福恩宮(已廢止),新北市三峽區隆恩街110巷17號,三峽區,,,福德正神,道教,民國61,0,
D8ED5D79-3C7D-4329-9604-AAAF9988FFB6,汐止伍聖宮,新北市汐止區鄉長路二段26巷25號之1,汐止區,,26415295,伍府千歲,道教,民國75,0,
78C9692E-A976-42DF-A72B-AA85116CEE69,石碇集順廟,新北市石碇區石碇里石碇西街9號,石碇區,石碇里,26631366,保儀尊王,道教,民國39,0,
07E1A598-473C-4E38-B789-AA345249C3D9,永福慈惠堂,新北市三重區永順里永安北路一段27巷55號,三重區,永順里,22878704,瑤池金母,道教,民國60,0,
08CAE7BF-475D-4875-A0F7-AA042C9DFEA2,道行宮,新北市中和區清穗里華安街17巷2號之5,中和區,清穗里,29612495,天上聖母,道教,民國79,0,
C76A5702-AE85-498B-B215-A9FBACC653A8,三湖福德宮,新北市新店區安康路三段517號旁,新店區,,0932004081,福德正神,道教,民前105,0,
CCBE2BF2-5674-4F48-9DD3-A9EEEF9EB121,瑞慈宮,新北市瑞芳區爪峯里三爪子坑路106巷190號,瑞芳區,爪峯里,2497-5539,天上聖母,道教,民國60,0,
E98AB4E2-7572-41B1-90CC-A9C61F5BD6D1,南屏山壺酒寺,新北市石碇區永定里蚯蚓坑19之3號,石碇區,永定里,0936340093,道濟禪師,佛教,民國79,,
CD30815C-F2BA-45FD-959E-A9C4B9276C50,三抱竹聚安宮,新北市板橋區福安里大觀路二段162號(暫厝),板橋區,福安里,29675928,福德正神,道教,民國7,民國86年,
98B35F48-61B4-4A82-8B45-A967E6FE4230,福山巖顯應廟,新北市汐止區民權街二段121號,汐止區,,26401827,顯應祖師,道教,民國49,0,
F823EC1F-B630-4309-B73A-A93988C4B34C,新北市板橋區北天廟,新北市板橋區振義里萬安街124巷4號,板橋區,振義里,29618737,玄天上帝,道教,民國56,民國65年,
2BAEDAA7-3EA7-46EB-8E0E-A8CC234F0321,歡子園福德宮,新北市板橋區歡園里大觀路一段38巷156弄39號,板橋區,歡園里,29676059,福德正神,道教,民國47,0,
210FCDCB-7625-4AA6-ADA9-A8CB5610C4C4,板橋足天宮,新北市板橋區振義里萬安街20巷34號,板橋區,振義里,29533719,天上聖母,道教,民國80,民國104年,
4357A8BE-5A98-426D-B0CC-A889292A6324,大香山觀音禪寺,新北市平溪區薯榔里靜安路二段3巷29號,平溪區,薯榔里,24951696,觀世音菩薩,佛教,民國73,0,
36B2A1E7-F1FD-4426-9F1D-A817955CAEBD,天祥禪寺,新北市萬里區雙興里二坪6之3號,萬里區,雙興里,02-24929114,三寶佛,佛教,民國102,0,
495385CE-FE56-4EAD-A259-A8171CC0D40D,開成殿,新北市瑞芳區永慶里烏勢巷152號之1,瑞芳區,永慶里,2496-8395,玉皇上帝,道教,民國46,0,
9377B6DF-25D5-4421-B91D-A816F5418E3D,聖德宮,新北市汐止區勤進路193號,汐止區,,26419933,瑤池金母,道教,民國61,0,
39562E0E-C28C-40D9-ACAA-A7B9A69DCCB8,新莊福營協天宮,新北市新莊區福營路134號,新莊區,,29016093,關聖帝君,道教,民國74,0,
1A5DFDB8-3D15-4B6E-9C25-A77FA7B4A3CF,三峽龍天宮,新北市三峽區介壽路三段200巷1號,三峽區,,26743219,瑤池金母,道教,民國83,0,
B27031F1-1D8E-4BC1-8CB1-A6B2FBEF070B,賢孝玄聖殿,新北市淡水區賢孝里後洲子6之1號,淡水區,賢孝里,28010796,無極聖祖,道教,民國78,0,
1B9AC503-33D6-4FE4-9A7D-A62B03A4CDC2,金福宮,新北市瑞芳區石山里五號路253之1號,瑞芳區,石山里,2496-1841,福德正神,道教,民前16,0,
A95132DE-9AB7-400F-A9F1-A608111A5361,三山國王廟,新北市新莊區新莊路150號,新莊區,,89915474,三山國王,道教,乾隆45,0,
CC0F6D66-0AED-4B39-812B-A4F2C60DD8FA,林口嘉天宮,新北市林口區嘉寶里嘉溪雅坑27號,林口區,嘉寶里,26052386,天上聖母,道教,民國68,0,
DC1AFD78-75D4-420B-BE75-A4D766044B1C,五股聖天宮,新北市五股區工商路129巷1-1號(暫厝),五股區,,22932438,天上聖母,道教,民國91,0,
2EDAA061-0704-4FFE-AE39-A469C5FE6A56,新莊安國宮,新北市新莊區頭前里頭前路2巷5號,新莊區,頭前里,29936656,劉府元帥,道教,民國66,0,
2DC5F1B5-8B51-41D3-9109-A45EA18218F6,昭靈廟,新北市瑞芳區基山里汽車路11號,瑞芳區,基山里,2497-1557,護國城隍,道教,民國12,0,
7CB2BAEF-E06E-44F3-8729-A449553A369B,進寶殿董公真人,新北市新店區中興路三段324號,新店區,,29154851,董公真人,佛教,民國39,0,
AA067C50-C774-4424-8F93-A3C9CF17DEBE,五股佑明宮,新北市五股區成泰路一段7巷26弄臨1號,五股區,,29097718,廣澤尊王,道教,民國76,0,
DBCDD75A-48E5-4993-BBE1-A387B84B9546,秀峰山靜修禪院,新北市汐止區秀峰路155號,汐止區,,26432164,釋迦牟尼佛,佛教,民前2,0,
6E8312A3-E8A7-4C35-8A5F-A34388F71965,新莊聖武堂,新北市新莊區壽山路79號,新莊區,,29010116,關聖帝君,道教,民國80,0,
39879035-CA36-46B5-A9C4-A2D711C295A7,德天宮,新北市土城區石門路31號,土城區,,22614300,天上聖母,道教,民國42,0,
FC196E57-9FFB-4A65-978A-A27DA9305A7F,法燈蘭若,新北市淡水區忠山里奎柔山路616號,淡水區,忠山里,26234134,釋迦牟尼佛,佛教,民國90,0,
A1D52F86-43CA-418D-90B6-A1DE1003769E,上玄宮(已廢止),新北市板橋區福祿里國泰街18號,板橋區,福祿里,29614209,包聖青天,道教,民國59,0,
583757E8-AFBC-40FE-970F-A1B9BDA990E8,觀宗寺,新北市淡水區草東里中正路15號,淡水區,草東里,26262311,釋迦牟尼佛,佛教,民國52,0,
EDB761FB-3866-4439-8F32-A1AED4B44113,新店竹雲寺,新北市新店區中生路149號,新店區,,22171495,觀世音菩薩,佛教,民前55,73,
E7448AC3-7D5B-47F8-BBD6-A1916931A6BF,龍山巖,新北市三峽區五寮里五寮路180之1號,三峽區,五寮里,26729021,觀音佛祖,佛教,民前37,0,
5E7880B4-62C1-4FF2-A532-A15F2C8020BD,和德宮,新北市汐止區樟樹一路129巷34弄21號,汐止區,,26415298,福德正神,道教,民國41,0,
44799884-8F82-4E53-9C78-A14EB8965AFE,財團法人臺灣省臺北縣白雲寺,新北市汐止區白雲里白雲路283號,汐止區,白雲里,26474890,釋迦牟尼佛,佛教,民前1,,
48D0ED73-2316-405A-BEA2-A0EA904562BA,助順大將軍爺廟,新北市淡水區長庚里中正路64號,淡水區,長庚里,26233797,助順(大)將軍,道教,民國50,0,
745EF9D4-6FBA-40B3-87B7-A0DD913963D5,南山放生寺,新北市中和區華南里忠孝街108號,中和區,華南里,29421997,藥師佛,佛教,民國52,0,
69CA2FE2-F922-48D9-BC03-A0A6DCA5631B,財團法人新北市樹林鎮南宮,新北市樹林區千歲街2號,樹林區,,26812360,五年千歲,道教,民國50,0,
1AF3A351-FF52-45CE-86FF-A04C1CB1DDA4,無極天雲宮,新北市淡水區水源里17鄰山子頂28號,淡水區,水源里,02-26260195,九天玄女,道教,民國97,0,
6D60CD72-17A4-49A8-8404-A0285B3A665D,一炁天旨玉皇宮,新北市深坑區昇高坑路42巷25號,深坑區,,26623850,玉皇上帝,道教,民國72,0,
ED06C05A-5955-420E-AAF9-9FEBB7389847,三重玄帝宮,新北市三重區民生里重陽路3段5巷8弄47號旁,三重區,民生里,29835265,玄天上帝,道教,民國69,0,
9366C78E-ED7D-43FE-ADA7-9F94EE4ABA96,北城順清宮,新北市萬里區清水20號,萬里區,,24987405,正一天師,道教,民國80,0,
FD464A50-98F2-45A9-9A92-9F4CFD1CA113,新北市樹林勝安宮,新北市樹林區大安路386巷11號,樹林區,,26814164,王母娘娘,道教,民國70,0,
2688765E-F2F3-4749-BC75-9F387A3E601F,姑娘廟,新北市三峽區龍埔里三樹路222巷口,三峽區,龍埔里,,聖母,道教,民國0,0,
BFC8BE5C-8E20-4DFD-9A07-9ED3B1FFCC32,普陀淨苑,新北市三峽區溪東路233巷47弄2號,三峽區,,86768796,釋迦牟尼佛,佛教,民國84,0,
F4FC3B23-0FE0-42F4-A5F0-9DE62472E56D,忠義廟,新北市蘆洲區長安街106號,蘆洲區,,22887979,池府王爺,道教,民前3,0,
02F6549F-029A-44AE-9E7A-9DDFD80A5933,萬里玄武宮,新北市萬里區大坪8號,萬里區,,24929127,玄天上帝,道教,民國98,0,
E2D8073B-2B13-4725-8A98-9D5E92D6334B,岐山巖,新北市新店區屈尺路125號,新店區,,26668220,清水祖師,道教,民前51,0,
DEC60FFD-5005-4D40-AA88-9D397B36B451,瑞芳仙化寺(已廢止),新北市瑞芳區龍安里瑞芳街148號,瑞芳區,龍安里,032-973829,釋迦牟尼佛,佛教,民國55,,
0283B5D4-BBF4-43CB-B94F-9CCB24DA5022,淡水大王廟,新北市淡水區忠寮里大竹圍5號,淡水區,忠寮里,26201145,城隍神尊,道教,民國23,0,
61119285-2A4D-4773-8C9A-9BFA4CA300F0,和平宮,新北市汐止區和平街6巷8號之1,汐止區,,26423916,福德正神,道教,民國65,0,
1C99D031-A38A-44AA-B7C0-9B8577247CA9,覺真宮,新北市石碇區格頭里北宜路五段濕水子巷2號,石碇區,格頭里,26651769,孚佑帝君,道教,民國62,0,
624D79DD-0112-4213-8635-9B7142B42055,保民殿,新北市雙溪區魚杭1號,雙溪區,,24931749,神農大帝,道教,民前1,0,
55C12EED-EBF5-43C3-87C1-9B66D1016738,潭底福德宮,"新北市樹林區豐林街40 號之1",樹林區,,26831538,福德正神,道教,民國47,0,
A73F705C-DEEA-4A60-9FFD-9B1EA36A2FD4,妙雲宮,新北市板橋區福丘里重慶路37號,板橋區,福丘里,29579995,王禪老祖,道教,民國48,0,
58383661-08A1-47F0-9262-9B0CB1238A67,北聖宮,新北市中和區復興里板南路123之1號,中和區,復興里,22474798,天上聖母,道教,民國75,0,
CA6820A4-84D0-449F-A1E0-9A7848086F6F,拱南宮,新北市貢寮區福隆里桂安街1之1號,貢寮區,福隆里,24991959,孚佑帝君,道教,民國55,0,
C9255D6C-E4ED-4258-A291-9A71526058E6,宏龍宮,新北市淡水區忠山里奎柔山路417號,淡水區,忠山里,26224020,華陀真人,道教,民國55,0,
5C523265-781F-4AAE-BC4C-9A58D1354EF5,樹林玉明宮,新北市樹林區坡內里11鄰備內街10號之1,樹林區,坡內里,(02)2682-1500,楊府元帥,道教,民國70,0,
C9966F45-8A16-4960-AB57-9A061306EB25,溥濟宮,新北市中和區福真里橋和路202號,中和區,福真里,22452005,保生大帝,道教,民國60,0,
6A79E424-4EAB-4EB3-810F-99DECFC27576,天護宮(已廢止),新北市萬里區內中福66號,萬里區,,24924291,天上聖母,道教,民國57,0,
B94D00B2-1FD9-492A-BDB8-9978942855C1,慶雲宮,新北市雙溪區牡丹里下坑35號,雙溪區,牡丹里,24932843,玉皇大帝,道教,民國47,0,
3326BA70-EA77-4D74-8D48-997331BC52A9,承天宮,新北市金山區磺港路161號,金山區,,2498-3239,鄭成功,道教,民國45,0,
9FFC9797-14D0-48FC-9A07-997063D204FF,新莊集善堂,新北市新莊區瓊林路32號,新莊區,,22023473,福德正神,道教,民前5,0,
9FDE397B-8CFA-456D-AA87-991DBFB9637C,三重安北宮,新北市五股區民義路二段52巷27號,五股區,,22923726,諸府千歲,道教,民國80,0,
10E997B3-9846-4812-82EC-98ED23FE88ED,檳榔坑頭福德宮,新北市新店區檳榔路151號之1,新店區,,29114641,福德正神,道教,光緒0,0,
7C3849AF-A61A-4934-A9F7-98AF8B209AE7,中和慈惠堂,新北市中和區瓦磘里員山路11號,中和區,瓦磘里,22235503,瑤池金母,道教,民國80,0,
0ABC942C-FD85-46DA-95E0-988ACDA32C78,保安宮,新北市瑞芳區上天里2鄰大寮路49巷5之2號,瑞芳區,上天里,2497-9191,保儀大夫,佛教,民國62,0,
6DB7E455-DE70-4DAC-81F0-9868F3063ACD,龍文禪寺,新北市土城區員林街76號,土城區,,22603003,釋迦牟尼佛,佛教,民國51,民國90年,
587D552D-D78B-4B84-9014-985E9B85A981,淡水十方禪林,新北市淡水區水源里山子頂25之1號,淡水區,水源里,26206017,釋迦牟尼佛,佛教,民國89,0,
04265E31-53BB-4F40-8866-985656747345,三重觀世竹山寺,新北市三重區成功里水漾路一段56號,三重區,成功里,2978-9574,觀音佛祖,佛教,,0,
6D1C263F-255F-46B6-9FF1-97C43AA66B23,龍華山大觀寺,新北市雙溪區雙澳路35之1號,雙溪區,,24934920(經常雜音),釋迦牟尼佛,佛教,民國62,0,
7C680407-99DF-4C43-B564-96FF14EC9A9B,妙慧精舍,新北市新店區員潭里北宜路二段615巷20號,新店區,員潭里,22171960,釋迦牟尼佛,佛教,民國54,0,
4BA46A2A-D68C-4232-964C-96C3088EB6D1,五路財神廟,新北市石碇區永定里大湖格路20之1號,石碇區,永定里,26633372,五路財神,道教,民國86,0,
E1C505A2-15C5-46EC-B5CD-9695A4FF1344,金剛宮,新北市石門區崁子脚41之3號,石門區,,26382076,四面佛,道教,民國75,0,
3BBF6B8A-72DB-4156-8027-96803C938074,聖德宮,新北市金山區三界里三界壇路72號,金山區,三界里,24984702,三官大帝,道教,民前144,0,
E283437F-4F03-48DE-BD12-95E1A92A3C28,礁溪里福德宮,新北市三峽區長泰街56巷6之1號,三峽區,,26710289,福德正神,道教,不詳0,0,
657E4FF8-224F-4439-8AED-95D0743762C6,四腳亭九玄宮,新北市瑞芳區吉安里5鄰大埔路國宅新村17-1號,瑞芳區,吉安里,2457-5704,諸府千歲,道教,民國79,0,
392B33D0-212A-41F9-81E4-95717BC0F11D,龍山寺,新北市淡水區清文里中山路95巷22號,淡水區,清文里,26214866,觀音佛祖,佛教,民前54,0,
2DCC2FD1-B453-4F4A-8008-9566105919E2,慈雲禪寺,新北市新店區新烏路二段40號,新店區,,26667459,釋迦牟尼佛,佛教,民國58,民國59年,
551FF23D-4ECE-4BF2-B0FC-955956342F23,林口新福宮,新北市林口區南勢里文化北路1段412巷76號前,林口區,南勢里,0939464347,福德正神,道教,民國46,0,
8DFDD43A-117D-4F3C-987F-94B2508D5566,石碇三濟宮,新北市石碇區烏塗里半路店1之1號,石碇區,烏塗里,26633532,中壇元帥,道教,民國89,0,
5909C802-1E52-4F7D-96E8-947AD1B585E7,妙濟寺,新北市石門區內阿里磅1號,石門區,,26383591,觀世音菩薩,佛教,民國19,0,
C99AA157-F390-472B-99E1-93EB4A4D51CE,十方大法寺,新北市平溪區嶺腳里靜安路三段10號,平溪區,嶺腳里,24951363,三寶佛,佛教,民國67,0,
E3DD83EA-6486-476B-9C05-93B41FE12412,野柳福德宮,新北市萬里區港西98號後方,萬里區,,24922536,福德正神,道教,民國35,0,
09BB4099-6B06-4388-9464-93A6B651024A,凌奉宮,新北市五股區凌雲路二段27號,五股區,,0935642360,中壇元帥,道教,民國69,0,
DBA0A906-33C2-4428-92C1-9371B41E0930,禪靈宮,新北市樹林區田尾街39之2號,樹林區,,26805411,玄天上帝,道教,民國73,0,
51D02A02-77A6-444A-AE21-936338C9192A,南天宮,新北市金山區南勢湖69號,金山區,,24982588,三官大帝,道教,民國59,0,
3072660B-4EFA-409D-881E-934AC744EB4D,鑽金宮,新北市萬里區磺潭里公館崙52之3號,萬里區,磺潭里,02-24980131,五行財神,道教,民國107,0,
6620D0EA-9DE0-42CD-BB43-9343AEF545D6,五堵福興宮,新北市汐止區長安路62號之1,汐止區,,86476127,福德正神,道教,民前6,0,
783BD268-1DAD-42EB-BA61-92E19DAF1506,廣濟寺,新北市新莊區壽山路89號,新莊區,,29019008,釋迦牟尼佛,佛教,民國59,0,
27A75764-83A1-42E1-B740-92C95E8B19E8,妙祥禪寺,新北市新店區新潭路三段231巷15號,新店區,,29149419,觀世音菩薩,佛教,民國55,66,
315E0353-60E6-459E-BE93-92BE1C7827CB,東華聖宮,新北市新店區華城路98之1號,新店區,,2212-1014,東華帝君,道教,民國68,0,
A3C6E825-D8D5-4F6A-BEFC-92BD259C309D,萬年宮,新北市三峽區添福239之3號,三峽區,,26717882,觀世音菩薩,道教,民國60,民國89年,
1E40B318-D689-4296-8D71-9280ECB2AF9F,佛光山石門北海道場,新北市石門區內石門78之1號,石門區,,26382511,釋迦牟尼佛,佛教,民國67,0,
1EC5D8F1-2581-41D3-9134-9271AB427788,無極日月太子宮,新北市八里區大崁三街21號,八里區,,26100728,中壇元帥,道教,民國95,0,
BA66350A-F111-4E28-A65D-92278656D23E,樹林南寮福德宮,新北市樹林區保安街二段45巷53號,樹林區,,26834486,福德正神,道教,民國50,0,
917CC2DF-A1C9-438D-99D7-91FBE2F0DE21,溪底里新興宮,新北市萬里區6鄰溪底路6之2號,萬里區,,24921715,天上聖母,道教,民國70,0,
E97D5281-A644-4DF6-BCF7-91ECD2A004A4,福壽宮,新北市汐止區環河里吉林街24巷底,汐止區,環河里,26941552,福德正神,道教,民國45,108,
3FD59513-D176-42FA-9FE2-91C9A28417D7,乾華十八王公廟,新北市石門區坪林52號,石門區,,26382453,十八王公,道教,民前0,0,
4B140C0A-B1E4-46CA-AC38-91C937B7F293,福興宮,新北市三峽區大同路241巷4號,三峽區,,26715927,廣澤尊王,道教,民前0,0,
05BB4940-422D-4FD7-8D0C-9164364223FC,開臺天后宮,新北市八里區龍米路二段191號,八里區,,26100096,天上聖母,道教,民前152,0,
1BF1D57C-D49F-47EF-987D-910E300FF4EC,保長坑橋頭福德宮,新北市汐止區大同路三段424號,汐止區,,86483353,福德正神,道教,民國74,0,
8D3A29C3-03F1-475E-8778-907A628DC3F9,玉皇宮,新北市中和區錦和里圓通路369巷153之3號,中和區,錦和里,22470607,玉皇大帝,道教,民國65,0,
FC647C1F-8774-422E-88D9-90645A38D638,碧雲宮,新北市瑞芳區深澳里4鄰深澳路3號,瑞芳區,深澳里,2497-5906,玉皇大帝,道教,民國54,0,
8F71A8C8-714F-455F-82F8-9043897A30EF,環安府,新北市板橋區青翠里民治街61巷3號2樓(聯絡處)(暫厝詳如備註欄),板橋區,青翠里,89653026,諸府千歲,道教,民國73,0,
D2908591-C462-405A-B415-9031C7B4713A,佛濟寺,新北市石碇區格頭里二格路9號,石碇區,格頭里,26651729,觀音佛祖,佛教,民國60,0,
9B97DD77-9996-436E-BE75-8FEF2FEF02B2,紫雲巖慈德宮,新北市泰山區黎明里泰林路三段303號,泰山區,黎明里,22962794,觀音大士,道教,民國86,0,
F9E7FDFD-046D-438D-B25E-8FE937577443,慈玄宮,新北市淡水區屯山里六塊厝2之1號,淡水區,屯山里,28011247,玄天上帝,道教,民國54,0,
D13188C5-636D-49FD-8B53-8FC8497AE11F,下街福德宮,新北市汐止區汐萬路一段37號,汐止區,,0928609111,福德正神,道教,民國67,0,
F38B12D5-2475-425E-9C9B-8FB50D818C4B,八里慈惠堂,新北市八里區龍形一街33巷17號,八里區,,26182555,西王金母,道教,民國59,0,
2FBBED14-BD3B-4700-B3EB-8F24F5E66245,慈航宮,新北市平溪區嶺腳里田子路22號,平溪區,嶺腳里,24952815,觀世音菩薩,道教,民國66,0,
0D27F22C-15CE-4BC6-A933-8F0F8BA532C2,財團法人新北市承天禪寺,新北市土城區承天路96號,土城區,,22671789,釋迦牟尼佛,佛教,民國44,0,
1296BF86-107D-4A65-8F9E-8EFF91B727F4,板橋港尾福德宮,新北市板橋區港尾里中正路254之1號,板橋區,港尾里,22729117,福德正神,道教,民國37,0,
98E2A255-EAF2-4F64-9F0B-8EE21A80E3C1,北海宮,新北市石門區德茂里6鄰下員坑36號之5,石門區,,26362990,保生大帝,道教,民國59,0,
21AAD8D6-A06D-403D-BED5-8E90B4D3736B,普庵寺,新北市蘆洲區中興街85號,蘆洲區,,(02)22891166,普庵祖師,佛教,民國107,0,
77B2D74F-33A9-4A6B-AD63-8E28D8C1BE1B,台灣天師宮,新北市淡水區沙崙里中正路二段305巷33號,淡水區,沙崙里,28051876,張天師,道教,民國55,0,
8BF49516-9CDB-4FBE-BAD7-8E20B1A9A385,佛心禪寺,新北市坪林區上德里坪碇路333號,坪林區,上德里,2665-7926,三寶佛,佛教,民國42,0,
59813BE5-D5C5-4C53-8821-8E01AF6672B5,鶯歌惠隆宮,新北市鶯歌區南雅路499號斜對面,鶯歌區,,26794182,水德星君,道教,民國45,89,
22C78A6D-76D3-4B2B-B43D-8D6C88F95211,龍安宮,新北市貢寮區和美里龍洞街38之1號,貢寮區,和美里,24909450,玉皇上帝,道教,民國60,0,
A4E64A11-135C-449B-9FF8-8D55C7F606B5,大眾廟,新北市雙溪區平林里6鄰外平林21號之1,雙溪區,,,大眾爺,道教,,0,
C2BD3D6C-564B-44E6-A65A-8C904A44D074,李山神宮,新北市三峽區金圳里插角179號之6(暫厝),三峽區,金圳里,0952020878,王母娘娘,道教,民國68,0,
6FC29DE5-6D39-4B84-B9E1-8C7E74FE5AAD,財團法人臺灣省臺北縣三介廟,新北市中和區景南里景新街467巷50弄20號,中和區,景南里,29413138,道濟禪師,佛教,民國54,0,
50601119-EA5E-455B-BB46-8C349169E162,保安宮,新北市三峽區建安91之1號,三峽區,,26727386,廣澤尊王,道教,民國60,0,
EB889D7E-3ED4-4156-9252-8C3073616A8E,廣玄宮,新北市板橋區東安里漢生東路193巷97號,板橋區,東安里,29559593,北極玄天上帝,道教,民國58,0,
2D9AE59F-7C66-4773-8C34-8C21EFFC015A,新福宮,新北市汐止區忠孝東路419之1號,汐止區,,86488948,福德正神,道教,民國5,0,
558149EB-4144-45E8-B843-8BB44C9EA10C,乾元宮,新北市坪林區水德里東坑5之1號,坪林區,水德里,26656114,元始天尊,道教,民國80,0,
90E7C752-8489-4AA0-A617-8B8EB11B5FA1,三峽興隆宮媽祖廟,新北市三峽區三峽里民權街50號,三峽區,三峽里,26715643,天上聖母,道教,乾隆47,0,
0058500C-ACDF-4644-8FFD-8B3F90A7DA5A,財團法人新北市三重區先嗇宮,新北市三重區五谷里五谷王北街77號,三重區,五谷里,29952345,神農大帝,道教,乾隆20,0,
83C6433E-35F9-4533-8524-8A712C1CE94C,板橋鎮安宮,新北市板橋區長壽里三民路2段109巷45-1號,板橋區,長壽里,29547613,中壇元帥,道教,民國69,0,
96C94C5E-D866-4DC5-B3A0-89E6441856CC,善息堂(原名稱善息寺),新北市土城區龍泉路91號,土城區,,22684546,孚佑帝君,道教,民國55,0,
1CABFFA6-5A1A-40DF-BDCF-89BAFDBF83A9,廣修禪寺,新北市汐止區汐萬路三段300巷2號,汐止區,,26461913,釋迦牟尼佛,佛教,民國55,0,
6525DF50-9F7B-4E7D-807E-89B3F08C3489,北源天山無極靈山宮,新北市八里區長道坑36號之2,八里區,,86303247,瑤池金母,道教,民國87,0,
6A27FB30-F5B1-4906-B669-8969869B6786,受安宮,新北市鶯歌區甲三街40號,鶯歌區,,86775787,玄天上帝,道教,民國102,0,
A79C4BAC-4FE7-4940-A4C2-892D253BE503,青山巖,新北市新店區柴埕路52巷20號,新店區,,22116642,觀世音菩薩,佛教,民國56,0,
C3504613-CA95-498C-B04C-889EB3DFF0CD,台北紫微天后宮,新北市三峽區竹崙里紫微南路50號,三峽區,竹崙里,26726400,天上聖母,道教,民國61,0,
385E4911-C87D-4A46-A8E0-889181DB3718,新莊頭前庄福德宮,新北市新莊區化成路750號,新莊區,,85218390,福德正神,道教,民國56,0,
AE65FAAE-9F35-49E2-86A0-885FE116D457,永寧福德宮,新北市土城區永寧里永平街1號,土城區,永寧里,22688516,福德正神,道教,民前8,0,
CD952B22-7571-472A-A7FF-879C70C9BD9B,爪峰里福德宮,新北市瑞芳區爪峯里三爪子坑路194號旁,瑞芳區,爪峯里,2406-1551,福德正神,道教,民國45,0,
9A32861C-F09E-4170-A61F-875CDA2AAA89,板橋天公廟,新北市板橋區香雅里南雅西路二段301巷23號,板橋區,香雅里,29672765,玉皇大帝,道教,民國77,0,
EE990343-2342-48EA-A082-87288D7429DB,蕃仔澳天福宮,新北市瑞芳區深澳里深澳路197-3號,瑞芳區,深澳里,2497-4575,天上聖母,道教,民國36,0,
2A74863E-3B65-4BDE-8D55-86E231490F8E,財團法人新北市新店區太平宮,新北市新店區太平路61號,新店區,,22110081,開漳聖王,道教,民前106,0,
F8ED79DE-B762-4A71-B23B-86CFEB755561,財團法人新北市三峽長福巖清水祖師公,新北市三峽區長福街1號,三峽區,,26711031,清水祖師,道教,乾隆34,0,
2C540983-7D4A-493D-8004-869E5A8C4064,同淨蘭若(已廢止),新北市新店區五峯里五峰路61巷11號,新店區,五峯里,29137652,釋迦牟尼佛,佛教,民國53,,
8BD9C652-5D5D-4B35-9862-8610A83A0865,北海聖安宮,新北市石門區尖子鹿臨76之1號,石門區,,26381437,孚佑帝君,道教,道光0,0,
AB241221-3746-468E-B0F1-8600E5EFD5E7,福興宮,新北市汐止區南興路83巷15號,汐止區,,0928276584,福德正神,道教,日據0,0,
368675DB-4F01-425B-BAF1-85C0EDECFA0E,鶯歌王公廟,新北市鶯歌區尖山埔路185巷6號,鶯歌區,,26796369,輔信王公,道教,民國41,0,
D58FC047-048C-4BE7-9679-852A8DE95B16,金山朝天宮,新北市金山區六股林口38之3號,金山區,,24080664,天上聖母,道教,民國82,0,
62706164-83D4-414C-8DFD-851A4A068D25,洲子洋福德祠,新北市五股區成泰里5鄰芳洲八路78號,五股區,成泰里,02-82950936,福德正神,道教,,0,
E737A23D-1E7F-4E7F-B2B2-8504C09FF7B4,下寮福安宮,新北市汐止區大同路二段169巷40號之1,汐止區,,26437744,福德正神,道教,日據0,0,
CC1E5279-73A0-4DFB-8D12-84FEFB5AD387,一言精舍,新北市板橋區光榮里光華街62號,板橋區,光榮里,29680802,釋迦牟尼佛,佛教,民國67,0,
E6331B89-D077-463B-AF60-84DF51BAB4F9,玄武殿,新北市樹林區西圳街二段97巷19之1號,樹林區,,26801105,真武大帝,道教,民國88,0,
088F4F0D-C267-40FE-9BD0-84DB34521F83,福正宮,新北市貢寮區真理里美灩山街39之1號,貢寮區,真理里,24903608,福德正神,道教,民國48,0,
309E5662-71E7-4561-BCBD-848F36998744,寶纈禪寺,新北市五股區成泰路四段43號,五股區,,22911632,釋迦牟尼佛,佛教,民國62,0,
25DE5B24-5295-4CF5-A168-8481735C27E6,清發堂,新北市土城區石門路39之1號,土城區,,22618106,西王金母,道教,民國75,0,
4C5039B5-BABB-4B9C-87E9-8480E264FB28,海藏寺,新北市新店區碧潭路55號,新店區,,22121750,三寶佛,佛教,民國50,,
F650F185-C612-434F-AD1F-845867D53CE3,淡水保安堂,新北市淡水區屯山里番社前4之7號,淡水區,屯山里,28010093,達摩尊者,道教,民國78,0,
9F4E4A25-D567-41E2-8058-84248FA921D8,天聖代天府,新北市汐止區八連路三段238號之2,汐止區,,26451862,諸府千歲,道教,民國81,0,
D3C577F1-D103-4609-A888-84184FD26990,海清宮,新北市三重區忠孝里大同南路78巷23號,三重區,忠孝里,89761766,閻羅天子包青天,道教,民國59,0,
D91064D8-1051-461A-B09E-84040960F10B,新北市八里廖添丁廟,新北市八里區中華路三段2號,八里區,,26102131,關聖帝君,道教,民國47,0,
3C21F26A-5953-4512-B82B-83EA826A4900,關聖宮,新北市坪林區石石曹里碧湖8號之5,坪林區,石石曹里,26656936,關聖帝君,道教,民國29,0,
10017ED5-1241-4ABE-A34C-83AD8E40F345,西方精舍,新北市五股區成泰路四段44號,五股區,,22911607,三聖佛,佛教,民國49,0,
1F25B3B8-05D7-49AE-850C-832ABA346831,代天府,新北市瑞芳區基山里汽車路56號,瑞芳區,基山里,2497-6759,朱李池三王爺,道教,民國22,0,
6777F037-3EFC-4A2B-A735-82B1D2AA4119,行修宮,新北市三峽區嘉添里白雞155號,三峽區,嘉添里,26711476,關聖帝君,道教,民國38,0,
2E80E147-44CA-4359-BDB5-825009B9F337,雙和宮,新北市萬里區太和7之2號,萬里區,,24929006,蘇府王爺,道教,民國53,0,
E95768F9-0B21-47EE-8DBC-821A09109E99,汐止巧聖仙師廟,新北市汐止區環山路5號之1,汐止區,,26439950,魯班公,道教,民國67,0,
B9C2117D-11D2-438C-B950-81F6EC164F55,洲子芳洲祠,新北市五股區西雲路12巷1號之1,五股區,,22920501,福德正神,道教,民國66,0,
E5E1F57F-6F34-474D-9BF1-81DD779B3BCC,長壽山元亨寺,新北市三峽區溪北里介壽路三段208號,三峽區,溪北里,86763515,觀世音菩薩,佛教,民國22,0,
88708340-E97B-4841-90C9-819826EA9F39,九份明聖宮,新北市瑞芳區頌德里坑尾巷37號,瑞芳區,頌德里,2497-1238,協天大帝,道教,民國37,0,
14D6A6A0-A853-4019-A94D-8129616E4B72,碧華寺,新北市三重區碧華里碧華街236號,三重區,碧華里,2857-3300,釋迦牟尼佛,佛教,民國16,0,
F7FBF9A4-90D5-45AC-ABFB-812952D78F3E,忠義堂,新北市三峽區大埔路33巷6號與8號中間,三峽區,,26711641,關聖帝君,道教,民國65,0,
DE5BDAC9-51BC-4176-8121-80FFFA60CA51,福壽宮,新北市瑞芳區深澳里深澳路67-1號前,瑞芳區,深澳里,2497-1808,福德正神,道教,民國1,0,
BE6A5472-7225-4F65-A37B-80A6997E264B,新莊地藏庵,新北市新莊區中正路84號,新莊區,,29936774,地藏菩薩,佛教,乾隆22,0,
BAB980C6-A094-4392-80CB-808F4AF14794,大香山慈音巖,"新北市新店區長春路252號 +平溪區靜安路3段300號1樓",新店區,,22174255,明明上帝,一貫道,民國58,0,
8C066184-01EC-40EC-89AA-805DF54582CC,善德寺,新北市萬里區萬里加投293號,萬里區,,24982046(代書),釋迦牟尼佛,佛教,民國44,0,
03901296-D0FE-48A6-8EF2-802C047766E6,萬里下寮聖安宮,新北市萬里區下社路33號之5,萬里區,,24988047,中壇元帥,道教,民國59,0,
950464BC-1D51-43D1-AE32-8020BD68C580,忠聖宮,新北市貢寮區福連里香蘭街31之1號,貢寮區,福連里,24991976,關聖帝君,道教,民國44,民國73年,
7E967036-C884-416C-8FA2-7FF4543F7218,長福岩,新北市新店區廣興路66巷7弄1號,新店區,,26667246,清水祖師,道教,民前6,0,
710F2CBE-B4A2-4FAA-9170-7FEE65EB5B57,財團法人新北市東陽宮,新北市鶯歌區尖山路86號,鶯歌區,,26792550,李太白金星,道教,民國73,0,
08216E9E-40EB-46C8-99B0-7FE983B14D77,保民堂,新北市瑞芳區金光路117號,瑞芳區,,24680172,神農大帝,道教,民國36,0,
CD1E8AB3-538A-469C-A78F-7F9E64B99F93,山佳法照宮,新北市樹林區新興街11巷10號,樹林區,,26807663,法主公,道教,民國60,0,
EB040022-3E2C-46D5-B7BA-7F7A4076E8D5,無極宮,新北市板橋區東安里漢生東路193巷69弄13號之1,板橋區,東安里,29576833,無極老母,道教,民國70,0,
DC36C687-904F-4D86-BCAB-7F53CA1AB2C7,無極瑤池聖殿,新北市三峽區安坑71之1號,三峽區,,26681035,玉皇上帝,道教,民國89,0,
0C2BBDC8-02BF-4148-B8D4-7F45103E6C52,無天禪寺(已廢止),新北市新店區粗坑里永福路81號,新店區,粗坑里,26666675,釋迦牟尼佛,佛教,民國76,0,
E25B0B34-12A2-4082-B81E-7F0FC3518C3B,玉勅后谷宮,新北市新店區小坑三路52之1號,新店區,,26669612,天上聖母,道教,民國83,0,
FF530AD3-288B-45C1-948E-7EC611A9A269,德興宮,新北市土城區貨饒里中央路一段45巷3號,土城區,貨饒里,22611547,福德正神,道教,民前108,0,
8CD8A5F2-0630-407A-B03A-7EB86BD8427B,保仁宮,新北市坪林區粗窟里仁里扳7號,坪林區,粗窟里,26656105,楊府元帥,道教,民國61,0,
BD0F9471-51BA-415C-8612-7E65BF648B9D,新北市三寶宮,新北市淡水區水源里南勢埔20號,淡水區,水源里,2621-8587,天上聖母,道教,民國64,0,
E4A0ABF5-C569-48EB-8E8C-7E328A1E347D,林口區慶安宮,新北市林口區頂福里頂福97號,林口區,頂福里,26061431,三山國王,道教,民國76,0,
816C97E7-3D5A-4454-81D9-7E20E7DDB2E5,鎮福宮,新北市中和區秀仁里立人街臨24之4號,中和區,秀仁里,29443873,福德正神,道教,民國30,0,
ED35227F-CFF8-43FF-A522-7DCEBCC40C73,土城瑞坤宮,新北市土城區瑞興里四川路29巷34之1號,土城區,瑞興里,89675676,天上聖母,道教,民國68,0,
A76BB53E-5C5B-4652-96D2-7DABC705E4B8,新莊海山里福德宮,新北市新莊區新莊路637號,新莊區,,0972508679,福德正神,道教,咸豐3,0,
7839DD95-40DB-469F-A0A7-7D9E33436175,台北佛教淨業林,新北市三峽區溪南里介壽路二段138巷1弄168號,三峽區,溪南里,26712882,阿彌陀佛,佛教,民國69,0,
41CA467B-BE69-466E-BB8C-7D5C2C658865,凌霄寶殿,新北市三峽區金圳里金敏40之3號,三峽區,金圳里,26749363,無極混元聖祖,道教,民國83,0,
01C55910-ADDD-47FC-8A91-7D199A5DB986,鶯歌碧龍宮,新北市鶯歌區中正一路碧龍巷33號,鶯歌區,,26795842,八卦祖師,道教,民國37,0,
635CACD7-78CE-4A63-B5DE-7D1909C26BFF,昭惠廟,新北市貢寮區龍門里龍門街74之1號,貢寮區,龍門里,24941556,開漳聖王,道教,民前151,0,
AA2F4661-563A-4ACA-BFA0-7CEC5E7C9933,全安宮,新北市新莊區新莊路523號,新莊區,,22025379,福德正神,道教,民國16,0,
A955859B-8171-4F34-BD15-7CB0D7ECDA85,朱玄堂,新北市石碇區潭邊里小粗坑1之2號,石碇區,潭邊里,26632356,朱府王爺,道教,民國82,0,
25C2B51F-A54D-48F3-896B-7CA4A03E02CA,明倫講堂,新北市新店區北宜路二段615巷30號,新店區,,22173500,明明上帝,一貫道,民國79,0,
B72E11DD-3F82-4306-9DD1-7CA467F06C08,龍山福德宮,新北市瑞芳區龍山里逢甲路350號之1,瑞芳區,龍山里,0978-782596,福德正神,道教,民國74,0,
1A42EDB3-C336-43B6-BA99-7C3AA92F1346,日月大天宮,新北市石門區內石門67之5號,石門區,,26380913,觀音佛祖,佛教,民國42,0,
A44B55BF-BB50-4524-81B5-7BB59662ECD4,新北太子宮無極聖殿,新北市三芝區茂長里陳厝坑51號之2,三芝區,,26365869,中壇元帥,道教,民國82,0,
72E5963A-A5FF-448F-A22C-7BA6B72E87FD,仙台山五股北極殿,新北市五股區民義路二段37號之6,五股區,,22910942,玄天上帝,道教,民國81,0,
632CD5DB-43D5-4319-AF2D-7BA3D7E9225F,淡水行忠宮,新北市淡水區沙崙里新民街一段80號,淡水區,沙崙里,28058730,關聖帝君,道教,民國84,0,
AE7E2A11-CD62-403F-8AD7-7B8AA54DDDE9,大化佛堂,新北市新店區華潭街21號,新店區,,29141542,觀音佛祖,佛教,民國70,0,
A936A40A-9AB6-4237-A982-7B72507E4F11,三峽鎮溪墘寮福隆宮,新北市三峽區大埔路34號,三峽區,,26712471,福德正神,佛教,民國10,0,
0F67C855-3F28-4BF6-9FC8-7B53FA887570,五顯慈恩堂,新北市樹林區光興街402號,樹林區,,26881350,五顯三大帝,道教,民國83,0,
E1C7CB70-12C2-4332-9F2B-7B3F94C11BFB,西方道堂(已廢止),新北市泰山區楓樹里楓江路125號,泰山區,楓樹里,29099293,王老仙師,道教,民國55,0,
956ECCD0-6BAD-4274-BE48-7B3379426441,龍安祠,新北市瑞芳區龍安里瑞芳街4號,瑞芳區,龍安里,2497-3805,福德正神,道教,民國6,0,
C7992E88-5DC8-49FC-AB5C-7B15ED4821EB,潤濟宮,新北市新店區安康路三段306號,新店區,,22151417,三官大帝,道教,嘉慶9,0,
E10AD569-16EB-430C-8170-7AFF1C3279C4,新莊順恩宮,新北市新莊區中華路二段138之1號,新莊區,,29944539,五夫人媽,道教,民國79,0,
36435985-9FD6-4454-8376-7AE7FD8A140D,竹林禪院,新北市林口區菁湖里竹林路326巷22弄12號,林口區,菁湖里,26014135,阿彌陀佛,佛教,民國70,0,
398546FC-3C4A-44E8-AD5E-7ADF562ED68A,萬福宮,新北市瑞芳區吉慶里中央路48號,瑞芳區,吉慶里,2457-9654,福德正神,道教,民國40,0,
C1FD9817-107C-4ED7-B63A-7A96EED47E9D,淡水清水巖,新北市淡水區清文里清水街87號,淡水區,清文里,26212236,清水祖師,道教,同治6,0,
D852F20E-2C9D-4273-83C9-7A5AD8631931,順安宮,新北市三重區奕壽里三和路三段19號,三重區,奕壽里,8976-1928,法主公,道教,民國34,0,
8EADB978-E1D4-430B-8457-79ED91112A44,大坪林顯應祖師廟,新北市新店區寶慶街32巷5弄5號,新店區,,29140246,顯應祖師,道教,民國70,0,
7F9EA8DE-4182-4427-8046-79D2E10384AF,番仔寮福安宮,新北市汐止區樟樹二路339巷6弄3號之1,汐止區,,26487739,福德正神,道教,民國80,0,
8DF29251-002B-4F74-BF6D-799225BA114B,新莊代天府,新北市新莊區化成路557號(暫厝),新莊區,,0926538861,諸府千歲,道教,民國70,0,
FC638A8F-D47C-4DCB-B0A1-7991A6A82398,後港慈惠堂,新北市新莊區新樹路113巷33號,新莊區,,22026715,瑤池金母,道教,民國40,0,
899AED3B-7989-4377-85DC-796A096BA37A,保福宮,新北市永和區下溪里仁愛路202巷11號,永和區,下溪里,29227524,保生大帝,道教,民前18,0,
88F3DC78-D01D-4314-908F-79120A1EC4F8,新北市淡水區義山集應廟,新北市淡水區義山里下圭柔山35之3號,淡水區,義山里,26210771,保儀尊王,道教,民前15,0,
BFFC97F4-1909-4FAC-91BB-78C6EF665D09,中幅嶺頭福德宮,新北市萬里區中福路20之1號,萬里區,,24925931,福德正神,道教,民前5,0,
F167AF95-73C3-4CCC-9579-78C6419B02C0,比南山普明堂,新北市樹林區備內街113號,樹林區,,,觀音佛祖,佛教,民國57,0,
AB19B234-1A40-40A6-B40C-783F03C38952,鄧公里福德宮,新北市淡水區幸福里仁愛街15之5號,淡水區,幸福里,26200075,福德正神,道教,同治6,0,
F2BFE37C-8BC6-4FBE-9328-775CB2E77AB9,小基隆福成宮,新北市三芝區中山路一段38號,三芝區,,26362076,天上聖母,道教,民國8,0,
4465490A-2BC7-4860-A7C9-77267543901D,南清宮,新北市永和區忠孝街34巷10號,永和區,,29292337楊小姐,田都元帥,道教,民國54,0,
4BB4E538-CEBC-4C66-B468-76F7BB3974A4,忠義宮蘇府王爺廟,新北市淡水區油車里中正路一段32號,淡水區,油車里,28051276,蘇府王爺,道教,民前58,0,
1C50613C-A304-4CA1-871E-767800F6E4DE,國聖仁和宮,新北市萬里區坑內11號,萬里區,,24983717,周府將軍,道教,民前60,民國74年,
307A47D1-5BE7-4EE8-A2D0-761696588BCB,三峽福安宮,新北市三峽區三峽里民權街32號,三峽區,三峽里,26731091,福德正神,道教,乾隆24,0,
45C2B7CE-C9DA-4E33-9BA3-75E7AAB0B4FB,龍鎮宮,新北市瑞芳區逢甲路38之1號,瑞芳區,,0920603026,福德正神,道教,民國30,0,
5B6CF321-8382-4318-9DE5-75DBBE5F43F9,三芝玉仙宮,新北市三芝區後厝里18鄰番子崙12之5號,三芝區,後厝里,26368298,註生娘娘,道教,民國78,0,
A3718428-12CB-42A7-9200-74EB2E3EFB55,宜興福德宮,新北市汐止區林森街70號,汐止區,,26603305,福德正神,道教,民國82,0,
4BEF0473-0D36-486D-AADA-74CC3D1213A9,林口贊天宮,新北市林口區東林里自強三街28號,林口區,東林里,26012208,天上聖母,道教,民國62,0,
779818CC-1655-4A25-BE56-74C62B094E0B,北城慈雲堂,新北市三峽區安坑路63之2號,三峽區,,26726483,張天師,道教,民國74,0,
07F7444F-9390-48D4-83A8-748A1E92544A,汐止福恩廟,新北市汐止區大同路一段111巷20號,汐止區,,26417288,福德正神,道教,民國34,0,
9F808CB7-01AF-41D0-92D1-74714A1C30AD,樹西福德宮,新北市樹林區樹德里17鄰啟智街34之1號,樹林區,樹德里,(02)2681-7015,福德正神,道教,民國10,0,
68D673FC-F5B9-445B-86AC-737DD7E8A932,頂社保民宮,新北市萬里區頂社路18之3號旁,萬里區,,0910140790,天上聖母,道教,民國5,0,
2CEDA631-48C8-46C4-A48B-735215E7FA70,道光山永德寶宮,新北市萬里區烏塗炭9號,萬里區,,0932358595,仙公至尊,道教,民國75,0,
27390494-62EA-43C6-AA38-732CA0E7832E,法明禪寺,新北市新店區雙城路133號,新店區,,22159415,三寶佛,佛教,民國62,0,
3439BC9E-52E8-48B8-86C1-72AEC3783A36,玄義宮,新北市石碇區潭邊里小粗坑15號旁,石碇區,潭邊里,26632096,真武大帝,道教,民國48,0,
E6C506C8-81A3-4DC0-8F61-7253CEC6CF75,八德寺(已廢止),新北市汐止區保長里保新街149號,汐止區,保長里,26416971,道濟禪師,佛教,民國64,,
3688DBD2-6BFB-462D-A367-71F9DF652CC0,太清殿,新北市石碇區格頭里北宜路四段1號,石碇區,格頭里,26651589,鴻鈞老祖,道教,民國66,0,
EC3256FC-15EC-4923-BCFF-71C768EFEE96,新莊中港福德宮,新北市新莊區新北大道四段2號,新莊區,,85218810,福德正神,道教,民前77,0,
1F4CE791-B757-4463-97EA-71C13B95E51C,菩提山大空精舍,新北市石碇區烏塗里中楒仔腳2之11號,石碇區,烏塗里,26633781,釋迦牟尼佛,佛教,民國86,0,
C8820B21-F99E-404B-B44A-71BAAA4F6428,板橋庭天宮,新北市板橋區浮洲里大觀路一段28巷26號,板橋區,浮洲里,29668964,關聖帝君,道教,民國56,0,
1B1CC876-D95B-4F4E-A5DF-71202B882B6F,指雲宮,新北市瑞芳區龍鎮里岳王路240號,瑞芳區,龍鎮里,24979003,玉皇上帝,道教,民國74,0,
5B018F7D-2A11-4F6D-BDA8-70CE6B899063,淨慈寺,新北市土城區清化里10鄰石門路63之10號,土城區,清化里,2264-6368,彌勒佛,一貫道,,0,
EE2BB2C4-D5AF-41C1-A95F-701EC31EF3DE,龍巖宮,新北市瑞芳區龍川里明燈路三段152號,瑞芳區,龍川里,2497-2807,清水祖師,佛教,民國46,0,
28DAB89D-25C3-4D0F-908B-6F913F643BAB,泰山鳳山寺,新北市泰山區大科里1鄰大科路80號旁邊,泰山區,大科里,29096966,廣澤尊王,道教,民國77,0,
439C3418-B9F8-47C7-93C4-6F413DC476C8,濟德宮,新北市汐止區中正路239號,汐止區,,26411362,天上聖母,道教,民國24,36,
269A5B3F-0458-4049-88B8-6F3FA383D6D6,財團法人下文山清水祖師,新北市新店區新烏路二段451號,新店區,,26669788,清水祖師,道教,民國67,0,
AC728F94-6069-4D7C-A166-6F1C64E4BF23,鎮凡宮,新北市新店區翠峰路55巷34之1號,新店區,,22178591,觀音佛祖,道教,民國89,0,
73BD70A5-F062-4055-8B9A-6EFEFD67B3D5,西雲寺,新北市五股區成州里西雲路185巷3號,五股區,成州里,22914392,觀音佛祖,佛教,民前142,0,
D3C486E5-CF26-4F0A-A3F8-6EF2C8D2C5F3,漁澳順天宮,新北市萬里區漁澳路4號,萬里區,,24925288,天上聖母,道教,民國40,0,
DD8891EA-76C1-4B79-B396-6EEE31ED794C,大聖爺廟,新北市貢寮區福隆里桂安街3之1號,貢寮區,福隆里,24991536,大聖爺,道教,民國13,0,
37326A85-984F-4CD1-9129-6E1D533D7270,萬里區龜吼里鼓亭路福安宮,新北市萬里區鼓亭路11號之1,萬里區,,24921927,福德正神,道教,民國65,0,
45BB4806-7968-4867-B008-6E03FF423627,護山宮,新北市三重區光田里三陽路11號,三重區,光田里,2981-1595,保儀尊王,道教,民國61,0,
93466FBE-825A-4B82-B5F2-6DBDD3579DA5,雲山寺,新北市八里區牛寮埔8號,八里區,,26106659,藥師佛,佛教,民國72,0,
40F12C01-4D50-464B-991B-6DA01A15682E,天秀宮,新北市汐止區勤進路601號,汐止區,,26423516,關聖帝君,道教,民國40,0,
9D9533BE-6CFD-41EE-BF26-6D930E0EF9C8,南聖宮,新北市三重區國隆里大仁街27號,三重區,國隆里,29821852,南嶽聖侯,道教,民國58,0,
A67743EA-8207-467E-927C-6D1D1E2D5994,東林靜修宮,新北市貢寮區福隆里桂安街7之4號,貢寮區,福隆里,24941556,清水祖師,道教,民國62,民國73年,
254A62B9-9666-4040-82A7-6CCDEC0DF3A8,雲陽寺,新北市新店區銀河路23號,新店區,,22173773,釋迦牟尼佛,佛教,民國76,0,
C9B4E350-4BEE-4B9F-BC7B-6CC607B5387E,四腳亭福興宮,新北市瑞芳區吉慶里月眉路10之1號,瑞芳區,吉慶里,24591020,福德正神,道教,民前8,0,
832B7B71-5132-43EE-A33C-6CA3186B02F2,福德宮,新北市瑞芳區傑魚里7鄰傑魚坑路262之1號,瑞芳區,傑魚里,2497-8595,福德正神,道教,民國54,0,
4B2BA2D1-690D-4138-B854-6C4BA6529067,五谷金聖殿,新北市汐止區勤進路418號旁,汐止區,,26423828,神農大帝,道教,民國68,0,
96B78725-AD6E-4952-849B-6BDB349F4584,沛陂金安宮,新北市土城區沛陂里福安街15號,土城區,沛陂里,22683075,金府王爺,道教,民國64,0,
E7F76709-1A14-44B9-B3E9-6BBB2552CEEA,道山宮,新北市樹林區吉祥街16號,樹林區,,,福德正神,道教,民國72,0,
269FD91D-31CA-4BD8-8F51-6B4033A78153,慈雲寺,新北市三芝區興華里楓子林47之1號,三芝區,興華里,26371765,觀音佛祖,佛教,民國51,民國68年,
5BA11FD5-D7F8-4FD6-9481-69E6D79F7AB5,板橋江子翠潮和宮,新北市板橋區江翠里吳鳳路50巷93號,板橋區,江翠里,22522357,三官大帝,道教,民前36,0,
61FCF52B-6950-4ADA-87C8-698F8E949607,八仙宮,新北市三芝區番社后31之1號,三芝區,,26360743,李鐵拐,道教,民國62,0,
9AADE132-6A52-465D-93F5-6941939C2BAB,中和行德宮,新北市中和區內南里興南路二段399巷130號之1,中和區,內南里,29449638,文昌帝君,道教,民國78,0,
E69D2E4C-8879-488C-A891-6931C2463696,福南宮,新北市鶯歌區文化路226巷16號之1,鶯歌區,,0936341338,福德正神,道教,民國69,0,
DCC05B10-CECD-431E-90F1-6909CE0F1B4B,觀音山妙雲寺,新北市五股區凌雲路三段73號5樓,五股區,,22937730,觀世音菩薩,佛教,民國32,0,
01936E55-E9EF-43F4-8EEA-68FF315BE946,靜心院,新北市五股區民義路二段37號之58,五股區,,29910792,關聖帝君,道教,民國89,0,
58AE0915-23DF-4B01-A686-68CA482218F5,老崩山天賜宮,新北市石門區老崩山30號之1,石門區,,26383912,周倉聖爺,道教,民國86,,
241532D5-1845-4531-9A1A-68A938D472F1,水尾福德宮,新北市深坑區北深路三段280號旁,深坑區,,26621774,福德正神,道教,民前295,0,
DAC5469A-825B-4C49-93BD-683B310D8C72,法明寺,新北市中和區瑞穗里新民街12號,中和區,瑞穗里,32348202,觀世音菩薩,佛教,民國81,0,
D2C295E0-DE6B-449A-A031-67F30213901D,雲台山大羅金仙府,新北市石碇區永定里蚯蚓坑19之2號,石碇區,永定里,26631111,道德天尊,道教,民國68,0,
41799E78-7409-496A-B636-67CDEA047BB5,明德禪寺,新北市中和區錦昌里圓通路367巷33弄36號,中和區,錦昌里,22466836,觀世音菩薩,佛教,民國82,0,
62F79F88-D2F8-432D-9645-677E5B8494B3,天南宮,新北市深坑區大崙尾1號,深坑區,,26640119,中壇元帥,道教,民國74,0,
25687A05-4E86-41E2-9AFF-6727030DDE31,大鵬天護宮,新北市萬里區加投149之3號,萬里區,,24985246,三官大帝,道教,民前141,0,
799D35BE-68D9-4734-B4B2-6666A604F99F,明安寺,新北市汐止區汐平路二段88號之1,汐止區,,26432577,觀世音菩薩,佛教,民國76,民國77年,
7E5C96EF-6EC0-455B-BF21-65F0B11287FF,儒林佛院,新北市石碇區隆盛里八分寮43號,石碇區,隆盛里,26633756,彌勒佛,一貫道,民國82,0,
B84E5553-791F-4BF2-927A-65770374739C,竟南宮,新北市中和區內南里興南路二段399巷136號,中和區,內南里,29463516,孚佑帝君,道教,民國62,0,
8E2B4F59-5DDE-42EC-85E7-6572175FA74B,銀河洞,新北市新店區員潭里銀河路30號,新店區,員潭里,22171909,釋迦牟尼佛,佛教,民國23,,
8AEA34F1-EEDD-43BE-9671-64CAC11D3FF1,蓮華寺,新北市三芝區圓山里大水堀32號,三芝區,圓山里,26371468,釋迦牟尼佛,佛教,民國61,0,
F95D9D16-EC30-4372-B4E7-64AEE7D397D7,五鳳慈蓮寺,新北市三峽區金圳里金敏54之2號,三峽區,金圳里,26720653,南無準提佛母,道教,民國60,0,
1495924E-A18C-43F6-9CA8-64203A4023C2,白馬寺,新北市中和區橫路里興南路三段40巷26號,中和區,橫路里,29426228,釋迦牟尼佛,佛教,民國69,0,
08B4FE48-629D-416E-B51B-635FF80113D8,九天宮,新北市淡水區埤島里行忠路136號之1,淡水區,埤島里,26252721,九天玄女,道教,民國75,0,
D28AEE1C-F815-4329-96D0-6351601F4DA2,觀音禪院,新北市中和區安樂里安樂路217巷22號,中和區,安樂里,29421035,觀世音菩薩,佛教,民國68,0,
CB53AA09-75AE-442D-BAF3-62FD92A7E80D,新龍宮,新北市新店區廣明里中興路1段51號,新店區,廣明里,29113241,九天四聖帝,道教,民國61,0,
1D4B6C73-DD96-4163-8F7D-62E7729DBC47,中和協昇廟,新北市中和區灰磘里員山路49號之5,中和區,灰磘里,22238558,北極玄天上帝,道教,民國68,0,
385A293A-F5C4-4D45-AE9A-62B53DBD6107,八里五福宮,新北市八里區渡船頭2-1號,八里區,,26101895,五路財神,道教,民國75,0,
2A488DB6-D213-4F1C-8341-6286DB338F4A,昭安宮,新北市三重區光明里集美街207巷21號,三重區,光明里,2978-9687,李府千歲,道教,民國60,0,
64DC16BE-5B0D-4633-B8A5-6284B0A7F83A,普庵宮,新北市三重區菜寮里光明路32巷16號,三重區,菜寮里,29780373,觀世音菩薩,佛教,民國53,0,
4BF6C44E-95C4-4848-BFFE-6282985CD03F,慈湖寺,新北市萬里區太和路10號之1,萬里區,,24929126,觀世音菩薩,佛教,民國68,民國80年,
9F58ABCB-AFE1-4A82-B68A-627C04555D2E,無極七玄宮,新北市三峽區中山路651巷53號,三峽區,,26746506,九天玄女,道教,民國84,0,
D59C31D2-25CB-4F52-80CB-6271B1D7109C,圓通禪寺,新北市中和區錦昌里圓通路367巷64號,中和區,錦昌里,22472350,釋迦牟尼佛,佛教,民國15,0,
B234935D-2880-4BDE-A1D7-62495B80E20A,凌霄寶殿(已廢止),新北市汐止區復興里復興路137號,汐止區,復興里,,玉皇大帝,道教,民國54,,
F8A32EA2-0FC5-46F6-A446-61D02F3C75E7,圓明慈惠堂(已廢止),新北市中和區吉興里南山路315巷12號,中和區,吉興里,29416100,瑤池金母,道教,民國58,,
6775CF4D-F5F8-44DD-AFB9-61CFEF73F75A,財團法人新北市噶瑪三乘法輪中心,新北市中和區中安里中和路378巷16號,中和區,中安里,29213129,紅觀音菩薩,佛教,民國54,0,
82E65742-151C-4394-BC10-61C891E9B243,五股靜修寺,新北市五股區中直路15號之3,五股區,,22911166,觀世音菩薩,佛教,民國80,0,
8A5FA984-F424-45C1-813D-60E82CE646D0,重威宮,新北市萬里區萬里里瑪鍊下街51號,萬里區,萬里里,24924686,三府王爺,道教,民國47,0,
C87A0BC1-CE53-4465-B2E4-5FF6CFF9960B,大天府,新北市三峽區添福207號,三峽區,,26731690,元始天尊,道教,民國78,0,
37DD7E54-D22A-4367-8F92-5FECDD3CEA7A,林口雷興寺仙公廟,新北市林口區菁湖里竹林路270號,林口區,菁湖里,26013878,孚佑帝君,道教,民國53,民國66年,
15990D3F-7429-4331-93BE-5FD5DBA5D37F,淡水福德廟府,新北市淡水區大庄里新民街一段136號,淡水區,大庄里,28052332,福德正神,道教,民國61,0,
BCBCFD5E-58CD-48CC-986C-5FAD41FB8A3B,東泰宮,新北市林口區東林里粉寮路二段167號之1,林口區,東林里,26012221,福德正神,道教,民國71,0,
0638AAC1-D654-4607-86E5-5FA9D83D2BF5,財團法人新北市淡水無極天元宮,新北市淡水區水源里北新路三段36號,淡水區,水源里,26212759,關聖帝君,道教,民國60,0,
B136D1FB-18CB-4A40-BA2D-5F068B25D4F6,北基福德宮,新北市萬里區忠一街1號對面,萬里區,,24921239,福德正神,道教,民國40,0,
71F84897-E170-4479-BB99-5EF52EE311BC,東興宮,新北市貢寮區福隆里東興街3號,貢寮區,福隆里,24991123,三府王爺,道教,民國15,0,
6883873F-1EBE-4ECB-991E-5EB800CAA293,北海濟世宮,新北市三芝區店子里店子37之3號,三芝區,店子里,26372307,天上聖母,道教,民國90,0,
58BDEE64-D945-465E-BCF1-5E2C3394E046,五穀先帝廟,新北市土城區土城里和平路11號,土城區,土城里,22606768,神農大帝,道教,民國40,0,
45EED5D4-F913-46CD-B945-5E2960317E5D,新店蕭府王爺廟,新北市新店區中正路418巷2號,新店區,,8219-2600,蕭府王爺,道教,民國99,0,
70C3A93F-D1A9-49EB-99D0-5E051DB43D64,天福道院,新北市三峽區添福里添福215之4號,三峽區,添福里,26711924,彌勒菩薩,一貫道,民國82,0,
67F4EB24-2EBA-42B7-A7BD-5D8FE1767A01,清海宮,新北市三重區民生里民生街38巷4弄5號,三重區,民生里,,蘇府王爺,道教,民國39,0,
CC889214-84BC-4F1A-97B3-5D450A5678ED,萬福寺,新北市深坑區萬福路75巷73號,深坑區,,26622911,釋迦牟尼佛,佛教,民國68,0,
94D4A84A-CC1A-482F-910F-5D221424B14F,石門代天府,新北市石門區大溪墘9之3號,石門區,,26383216,關聖帝君,道教,民國67,民國76年,
70EF2A08-FCC3-4352-91F1-5C91D653DAE6,南天南天宮,新北市永和區民樂街59巷1之1號,永和區,,29280667,觀音佛祖,道教,民國76,0,
93EFDA4A-6726-4CFE-973A-5C84C4E47F40,浮洲福德宮,新北市板橋區大安里大觀路二段163之1號,板橋區,大安里,22756166,福德正神,道教,民國61,0,
370EAE58-E0DD-4FAB-80C0-5C339FDCA876,白沙灣觀航寺,新北市石門區下員坑33之1號,石門區,,86352836,觀音大士,道教,民國58,0,
2B852F19-F998-4E69-8375-5C098EECB52C,忠福宮,新北市萬里區中福56號,萬里區,,24921582,開漳聖王,道教,民國45,0,
BEA123EA-03C6-4B84-8E8F-5BE502994616,鶯歌聖鶯宮,新北市鶯歌區尖山里尖山路101巷10號,鶯歌區,尖山里,26705888,天上聖母,道教,民國63,0,
580E1790-16E3-40DE-A5A5-5BCFC5CDA8FF,大安晉安宮,新北市土城區大安里中華路2段200巷2號,土城區,大安里,,福德正神,道教,民前130,民國72年,
24E952F2-1F16-4CB0-8E05-5B9898F08882,福興廟,新北市樹林區柑園街二段22號,樹林區,,26801680,福德正神,道教,民國1,0,
5F85BA0D-9942-4DF8-BAA4-5B59009C8637,文化彌勒佛院,新北市三芝區茂長里陳厝坑61之10號,三芝區,茂長里,26362737,彌勒佛,彌勒大道,民國103,0,
524A455A-099D-4594-AC9E-5B4146418C97,五股順天府,新北市五股區凌雲路二段62號之5,五股區,,22918751,池府王爺,道教,乾隆0,0,
60C4B574-CE5E-48EF-A538-5AE70BE659D6,日興宮,新北市新店區日興里安康路3段530號,新店區,日興里,22152596,關聖帝君,道教,民前0,,
1CC44AA8-DBDD-4C8E-B9EC-5A60D77AC85F,玉泉宮,新北市汐止區長江街287之1號,汐止區,,26422138,關聖帝君,道教,民國59,0,
8235C071-1149-4F64-9C27-59629C3A654A,濟仁佛院,新北市三峽區中正里大同路87巷17號,三峽區,中正里,02-86718100,彌勒佛,一貫道,民國108,0,
9685EC49-693E-47D3-B815-59580F902CC1,信天宮,新北市三芝區菜公坑97之1號,三芝區,,26371011,真武大帝,道教,民國82,0,
B7F00B79-D093-4215-B0F7-5931D4E46494,永福岩,新北市土城區頂埔里中央路四段65號,土城區,頂埔里,22681013,清水祖師,佛教,民前27,0,
8F0D3EAA-97F0-4757-A444-592E749C1124,新莊擎天府,新北市新莊區壽山路55-1號,新莊區,,29051129,諸府千歲,道教,民國74,0,
638C8A77-C24D-4C44-A020-5904E4F56970,保民宮,新北市萬里區皷亭14號,萬里區,,24921679,開漳聖王,道教,民前1,0,
BC633661-363F-4828-9D7B-5898800B2092,新店寶橋福壽宮,新北市新店區寶橋路266號,新店區,,29146588,福德正神,道教,民國74,0,
D3DF6A46-6D38-45C0-BF7F-588CBAC788E9,顯應清水巖,新北市三峽區白雞126之5號,三峽區,,26721453,清水祖師,道教,民國58,0,
063DD5EC-0D8D-489F-8780-58281F2B812F,玉旨堂,新北市石碇區潭邊里小粗坑2之1號,石碇區,潭邊里,26631590,軒轅黃帝,道教,民國79,0,
EE8B3D6A-7406-429B-B2E7-57955007EDAD,蘆洲福安宮,新北市蘆洲區民權路臨70號,蘆洲區,,22834117,福德正神,道教,道光25,0,
E25E3507-ADC5-41EA-9794-573E634951D5,普賢寺,新北市三峽區安坑里頭寮坑路13號,三峽區,安坑里,26726170,釋迦牟尼佛,佛教,民國76,0,
F768F6C7-4FA3-4A91-B7CE-56682A677791,野柳保安宮,新北市萬里區港東69號,萬里區,,24925659,開漳聖王,道教,民前176,0,
DBDBFC5B-629B-4790-A2B6-561D1842D848,板橋福天宮,新北市板橋區福翠里田單街65號(暫厝),板橋區,福翠里,22517436,天上聖母,道教,民國71,0,
B8360E2A-FFF8-472B-891B-55ADD3676063,青龍山濟善寺,新北市新店區粗坑里湖興路臨128號之3,新店區,粗坑里,26665755,道濟禪師,道教,民國80,,
2B19E46F-207F-4D45-89DA-54FFE1EB5DDB,玉山寺,新北市新店區中興路一段98號,新店區,,29116156,觀音佛祖,佛教,民國47,0,
1D4E02B3-1F44-45C4-9CDB-54B150791A8F,四腳亭吉安宮,新北市瑞芳區吉慶里瑞竹路91號,瑞芳區,吉慶里,2457-7381,天上聖母,道教,民前8,0,
27D7881F-F9BD-4F1A-B587-5473C18B7A2D,新北市八里區大營公廟,新北市八里區挖子尾街152號之1,八里區,,29869111,清朝末年戰亡官兵,道教,民國32,0,
F91B6F34-7C00-4071-9945-54727323FAA5,財團法人新北市八里大眾廟,新北市八里區龍米路二段200巷5號,八里區,,26108500,大眾爺,道教,民前116,0,
A60ADCEC-DA46-4B23-834A-542E8AD60644,蘆洲真久宮,新北市蘆洲區三民路98巷21號,蘆洲區,,22822718,保生大帝,道教,民國68,0,
E3EEAA66-7844-40FF-96BC-540645A0150F,天真總壇,新北市樹林區8鄰學勤路333號,樹林區,,89705116,明明上帝,一貫道,民國98,0,
34BA95AA-CEB5-40B5-8383-53EF78B03CFA,金山禪寺,新北市中和區景南里景新街467巷50弄18號,中和區,景南里,29421358,釋迦牟尼佛,佛教,民國54,0,
926D106B-698E-45B5-87B4-53E948147D72,深庫佛寺,新北市雙溪區外柑里三叉坑11之2號,雙溪區,外柑里,24934257,釋迦牟尼佛,佛教,民國83,0,
031E720C-5A6B-4A02-8E7F-53E071CA6B7F,金山寺,新北市瑞芳區頌德里10鄰汽車路142號,瑞芳區,頌德里,24972994,釋迦牟尼佛,佛教,民國19,0,
650BBCF5-9D30-4168-81AB-53DA96D893B8,潭墘樂墘宮,新北市中和區安和里安平路99號,中和區,安和里,89411342,福德正神,道教,民國54,0,
FA6B9E30-88C9-4705-B4BB-53CE0A85F92A,碧河宮,新北市中和區碧河里連城路249號,中和區,碧河里,22490677,福德正神,道教,民前115,0,
3B8059BE-B83E-41D4-BB85-53B98906FBC5,湧蓮寺,新北市蘆洲區得勝街96號,蘆洲區,,22832023,觀音佛祖,佛教,民前49,0,
FAC6E6B3-15FD-43D2-AE20-53B35EDE4E96,保儀宮,新北市三峽區安坑路38之7號,三峽區,,26726140,廣澤童子,道教,民國10,0,
CA111254-775F-477C-A999-53AFB31C77CB,王母救世宮,新北市汐止區長興街二段50巷50號,汐止區,,86475180,西王金母,道教,民國70,0,
2E00E8E4-BBE3-4CD4-BFD4-53AE4ADC2C70,海山天后宮,新北市板橋區海山里長安街138巷1弄臨83之5號,板橋區,海山里,29573045,天上聖母,道教,民國75,0,
B1DA71B5-A8AA-45A3-93ED-535BAB1279BB,印月禪寺,新北市新店區小坑一路12號,新店區,,26665129,釋迦牟尼佛,佛教,民國67,0,
C608FBD7-3C54-466A-A7F9-53473C5259E9,玉明宮,新北市泰山區明志里明志路二段320巷12號,泰山區,明志里,29031355,楊府元帥,道教,民國73,0,
30982BF5-7163-436C-BE44-53172B8C4127,福德堂,新北市金山區南勢26號,金山區,,24981528,福德正神,道教,民國3,0,
3DA792B2-D9CA-448F-A15F-53123A6873F1,妙光寺,新北市三峽區添福195之3號,三峽區,,26732409,釋迦牟尼佛,佛教,民國83,0,
8E11B39B-7D0F-468F-871D-5297839F2930,財團法人樹林千霞山海明寺,新北市樹林區海明街22號,樹林區,,26812839,觀世音菩薩,佛教,民國49,0,
E5BF2438-3D67-417B-8B6D-51CE65A65683,中華北極殿,新北市樹林區民和街113巷2號,樹林區,,26806068,北極玄天上帝,道教,民國81,0,
FEF4C1F6-8330-4EED-A501-51A393661AC5,龍安宮,新北市瑞芳區龍鎮里岳王路68之1號旁,瑞芳區,龍鎮里,,福德正神,道教,民國73,0,
A7981188-772C-4732-BDC5-516CDED5827B,行德慈惠堂,新北市石碇區潭邊里外按18之3號,石碇區,潭邊里,26633445,西王金母,道教,民國83,0,
FD0CEAFE-16FC-42B9-A7BA-5129001CB3C4,千佛山白雲禪寺,新北市新店區新烏路二段178號,新店區,,26663171,釋迦牟尼佛,佛教,民國104,0,
94B467BC-D286-4777-9784-50E92253889F,香員林福德宮,新北市萬里區香員林17號後方,萬里區,,24925847,福德正神,道教,民國50,0,
6E2B6B61-9799-462C-9C1D-50E0AFC0B788,蘆洲保和宮,新北市蘆洲區成功路182號,蘆洲區,,22812536,保生大帝,道教,民前2,0,
571AE9E0-3A6E-4E90-B9E7-50799F89C72D,建業福德宮,新北市新店區建業路2號之1,新店區,,22156266,福德正神,道教,民前110,0,
036FA8ED-E5C3-4E7C-B72A-5074F30E18C3,三峽宰樞廟,新北市三峽區秀川街28號,三峽區,,26711372,玄天上帝,道教,民前134,0,
912226C4-E870-4C16-AB14-5007A106C27A,新莊武聖廟,新北市新莊區新莊路340號,新莊區,,22797906,關聖帝君,道教,民前151,0,
6CA74AD2-6269-40EC-8376-4FC33090B72B,財團法人新北市石碇深坑坪林天后宮,新北市石碇區彭山里崩山33之3號,石碇區,彭山里,26633697,天上聖母,道教,民國88,0,
1446ADAA-D6FC-4BA0-9ED2-4FB70AC81891,西山福德宮,新北市樹林區佳園路一段95之6號,樹林區,,26806137,福德正神,道教,民國40,0,
B772898D-02E5-41E9-AD7A-4F45FCE2A75B,鎮湖宮,新北市鶯歌區鶯桃路413巷78弄8號之1,鶯歌區,,26707076,福德正神,道教,民國59,0,
2B8CCC7E-60E1-4410-898B-4EC23A0523E3,蓮光寺,新北市三芝區車埕9之1號,三芝區,,26372047,釋迦牟尼佛,佛教,民國85,0,
0BECEA46-653D-4F19-B9A9-4EB81FB7613F,尖山湖妙音禪寺,新北市坪林區尖山湖6-1號,坪林區,,26657741,觀世音菩薩,佛教,民國82,0,
404A9C79-E000-40BD-AD60-4E4CFD0B33F7,保慶宮,新北市中和區瓦磘里保平路326巷28號,中和區,瓦磘里,22486685,福德正神,道教,民國15,0,
3FAA817E-836D-445A-A6B3-4DF13703E543,凌虛宮,新北市石門區公地44號,石門區,,26381513,三官大帝,道教,同治11,0,
AAD5281F-1E1F-4276-BA90-4DEAFC5E78F3,彌勒山天道清修院,新北市汐止區勤進路723號,汐止區,,02-26432912,明明上帝,一貫道,民國69,0,
07AA616D-53DE-411A-9399-4DE9AAD4D1AF,文昌祠,新北市新莊區文德里碧江街20號,新莊區,文德里,29987556,文昌帝君,道教,民前36,0,
9349287E-E7FA-4283-9E83-4DC6CC2C4B5E,鶯歌北聖院代天府,新北市鶯歌區德昌二街70巷38弄42號,鶯歌區,,26702176,諸府千歲,道教,民國78,0,
14089F1E-15C5-4DAC-B5A9-4DA4EDD82F09,太子廟,新北市淡水區崁頂里崁頂80之3號,淡水區,崁頂里,28050798,中壇元帥,道教,民國52,0,
27B8D722-A769-4451-AB1E-4D9A5AF4B296,集慶宮,新北市石碇區中民里石碇子埔43號,石碇區,中民里,26631070,保儀尊王,道教,民國37,0,
0AB8BFF8-7054-4B17-8F69-4D699BA22276,佛心山惠光寺,新北市石碇區隆盛里新興坑32號,石碇區,隆盛里,26631478,釋迦牟尼佛,佛教,民國69,0,
92B2317A-CCBF-4FCF-84E9-4CCA12AA0834,中和九玄宮,新北市中和區新南里景平路493巷12弄臨16號,中和區,新南里,22454912,北極玄天上帝,道教,民國73,0,
AA275CF7-DDAB-4FC5-A034-4C2FCB918ABF,五福佛山承願寺,新北市五股區民義路二段37號之66,五股區,,22930393,準提菩薩,佛教,民國88,0,
AC890E2A-853A-44F6-91D2-4C226E114549,清慈宮,新北市萬里區太和11號之3,萬里區,,24929006,玄天上帝,道教,民國59,0,
40D3D8BB-1814-4FB7-97FD-4C20D9C52DF9,南嶽宮,新北市八里區中山路三段175號,八里區,,26101139,南嶽聖侯,道教,民前19,0,
31510041-B8BB-4370-820C-4BFD8DF06119,永興宮,新北市樹林區坡內里5鄰備內街117號旁,樹林區,坡內里,(02)2681-7263,福德正神,道教,民國5,0,
8E87B96A-B177-4359-8266-4BF3C364DCCB,長壽山玉皇宮(已廢止),新北市三峽區介壽路三段206號,三峽區,,26712292,玉皇大帝,道教,民國60,,
9EE9DCC9-0B31-4D9E-BEAB-4BEB415198C2,普陀山慈航宮,新北市石門區阿里磅88號之1,石門區,,26380519,觀音大士,道教,民國86,0,
0293F53F-DD11-4415-B5EC-4BA7EF96A2F4,北星真武寶殿,新北市三芝區二坪頂52之3號,三芝區,,26363906,玄天上帝,道教,民國64,0,
802F311D-A310-4925-B361-4B64D05E71CF,瑞芳青雲殿,新北市瑞芳區濱二路30號,瑞芳區,,2497-2694,神農大帝,道教,民國52,0,
83F0EDC5-1C66-42F1-992F-4B56EB889331,板橋慈惠堂,新北市三峽區嘉添里白雞路33之47號,三峽區,嘉添里,26730801,瑤池金母,道教,民國77,0,
8EFE8586-8183-4A5F-9EAF-4B31665C33FE,永和秀朗福德宮,新北市永和區民樂街74之1號,永和區,,2231-9635,福德正神,道教,民國60,0,
C64107E1-6869-4D5A-B924-4B26A9CF0B71,北天玉福宮,新北市三峽區安坑里建安140號之12,三峽區,安坑里,26726572,福德正神,道教,民國79,0,
BD525EA3-62CE-4D1D-A79C-4A6B01B7F21B,新北市集福宮福德爺,新北市五股區天乙路14號旁(暫厝),五股區,,82951212,福德正神,道教,民前103,0,
704206A7-366F-44A1-87A1-4991AE8E567F,聖覺寺,新北市汐止區汐萬路三段285號,汐止區,,26467171,釋迦牟尼佛,佛教,民國84,0,
1EE22C81-1C6A-48C2-8D7A-497D3355095F,福星宮,新北市板橋區成和里金門街127巷19號,板橋區,成和里,26843522,福德正神,道教,民國1,0,
D0698276-2671-4FC0-9F2C-4924555AA449,保坪宮,新北市坪林區坪林里坪林街79號,坪林區,坪林里,26656362,玄天上帝,道教,民國50,0,
A417F802-6175-4139-BD99-49072256383B,寶寧宮,新北市樹林區光榮街4巷15號,樹林區,,26886463,三代祖師,道教,民國60,0,
97051830-5C7A-49CF-BA72-48BED3CC50B5,無極宮,新北市中和區橫路里興南路三段40巷12號,中和區,橫路里,29410011,玉皇上帝,道教,民國58,0,
609A946E-B791-4941-8EB0-48BB6C01660C,慧悾慈惠堂,新北市三峽區中埔里鳶峰路150號,三峽區,中埔里,26710289,瑤池金母,道教,民國72,0,
4047B414-64D9-4F8B-B021-4898044C81EA,福正宮,新北市新莊區雙鳳里天泉二街36巷1號（門牌整編：鳳山街56巷10號）,新莊區,雙鳳里,29016802,福德正神,道教,民國74,,
FAE3FB84-3D50-4822-8F92-487F43ABDE15,無極天明宮,新北市石碇區格頭里北宜路五段火燒樟巷9之1號,石碇區,格頭里,26651709,一炁玄童,道教,民國72,0,
33AC76C8-13D8-4624-B88F-4867065D1E47,財團法人台灣省台北縣玄吉寺,新北市新店區安和里安興路131巷1號,新店區,安和里,22112590,釋迦牟尼佛,佛教,民國52,0,
AE97D429-B18C-45FC-B5E2-483AE8E184A5,南天府五府千歲,新北市三重區光正里環河南路220之4號,三重區,光正里,29764559,諸府千歲,道教,民國71,0,
6CF7ECFF-438F-4AE8-9D2C-480D8B786FE0,添福宮,新北市汐止區茄福街73巷8號,汐止區,,86487124,福德正神,道教,民前20,0,
FD84445F-76EE-4EC8-A69F-47CD875FBCD4,金山岩,新北市瑞芳區福住里基山街199號,瑞芳區,福住里,24976523,觀音佛祖,佛教,民國3,0,
5D3168E2-DEA9-4FF3-B0AF-479CC879DCC2,佛教靈宗仁慈寺,新北市中和區錦昌里興南路3段52巷68號,中和區,錦昌里,22430222,釋迦牟尼佛,佛教,民國83,0,
700AE8C5-696F-4D17-B5FB-476EA50F370D,板橋慈惠宮,新北市板橋區挹秀里府中路81號,板橋區,挹秀里,29650012,天上聖母,道教,民國35,65,
6E8C1619-3ED7-4EC9-9E89-47654B44E30E,臺北鎮北宮,新北市板橋區崑崙里存德街58號,板橋區,崑崙里,26814045,諸府千歲,道教,民國69,0,
BFFE3C03-DB21-42EF-B961-46DDA24FAE04,妙山聖慈宮,新北市五股區民義路二段37之34號,五股區,,0926222168,瑤池金母,道教,民國79,0,
85E91F9C-257D-4D78-A0D1-46CCC129A985,大願山拜佛寺,新北市石碇區格頭里北宜路五段火燒樟巷8號,石碇區,格頭里,26651118,釋迦牟尼佛,佛教,民國88,0,
F14519AC-0879-4F82-B8F8-46AE98A1DE85,旨雲宮,新北市樹林區東和街73號,樹林區,,86858855,開漳聖王,道教,民國77,0,
48BFD6D5-38FD-4606-9514-4647E17D17B5,督署宮(已廢止),新北市三重區崇德里仁愛街81號3樓,三重區,崇德里,29755872,裴先帥,道教,民國53,0,
BD4D1AE1-4208-4E78-8EAD-463A473737D1,永興宮,新北市鶯歌區鶯桃路206巷24弄27號旁,鶯歌區,,26705638,福德正神,道教,民國75,0,
3E05518F-86F5-499C-84B9-46207F7EBE02,廣欣福德宮,新北市新店區廣興里平廣路284號,新店區,廣興里,29672122,福德正神,道教,民國60,民國74年1月,
5B091920-FAA7-421A-934A-45F5D6A10335,集順廟,新北市深坑區深坑街135號,深坑區,,26642366,保儀尊王,道教,民前73,0,
20E0EDCE-9445-4718-A63B-45DEE3148902,福龍宮,新北市汐止區水源路一段71號,汐止區,,26426964,福德正神,道教,民國9,0,
4CBCD27B-E3EC-4ED5-BB1D-4547C19722DE,保長仙姑廟,新北市汐止區長興街二段50巷50號之1,汐止區,,86489949,陳仙姑,道教,民國89,0,
C4EED301-7207-46A9-9575-453596E9A0E9,板橋珠龍宮,新北市板橋區中正里中正路360巷28號,板橋區,中正里,(h)22593038,孚佑帝君,道教,民國61,0,
5F5E8CBD-B8A2-48CF-A66F-452C6955ACD5,忠順廟,新北市汐止區公園路10號,汐止區,,26416900,保儀大夫,道教,光緒11,7,
5A1BACC1-B111-41F6-945E-4478D1D1667E,保安宮,新北市金山區金包里街70號,金山區,,24985522,福德正神,道教,民前20,0,
2E8868D8-EBEA-4BE5-BF91-4428445271FF,九玄聖宮,新北市烏來區忠治里金堰9號,烏來區,忠治里,26616499,齊天大聖大天尊,道教,民國82,0,
F96972BF-873D-42C6-8C24-43D2DCF4C322,深坑慈聖宮,新北市深坑區北深路一段300號,深坑區,,26621515,蘇府王爺,道教,民國71,0,
CB1A852C-6A72-4D8B-A419-43C6A990C9C5,鶯歌福德宮,新北市鶯歌區文化路325巷3號,鶯歌區,,86781978,福德正神,道教,民國11,0,
FF6D5F17-552C-4DAC-92F3-43713CA6FFC7,大覺禪寺,新北市泰山區同榮里吳厝窠1號,泰山區,同榮里,29098626,釋迦牟尼佛,佛教,民國55,0,
030B2618-82A7-4ED4-AE7D-43585DB356EE,聖山寺,新北市貢寮區福隆里東興街30-1號,貢寮區,福隆里,2499-1901,釋迦牟尼佛,佛教,民國40,0,
A9EBC8FC-54FB-45D3-9672-43098AE38BD1,禪光寺,新北市三峽區嘉添里白雞路177之1號,三峽區,嘉添里,26731239,阿彌陀佛,佛教,民國79,0,
40140790-A372-4156-AEAC-42DCB931AEF6,龍興廟,新北市貢寮區和美里龍洞街50之1號,貢寮區,和美里,24909156,朱孫吳三府王爺,道教,民國57,0,
EB6C0C3F-75E8-4674-94FE-42C7BC7FA7C3,代天巡狩三王府陳池姜三府王爺,新北市三芝區龜子山26之1號,三芝區,,26371649,陳池姜三王爺,道教,民國85,0,
DD3CE45E-6447-4DC7-82F6-42C790266E70,廣明寺,新北市新店區中興路一段68號,新店區,,29188450,釋迦牟尼佛,佛教,民國38,0,
98B79E70-8B21-4E9A-90D1-42BCE16E11BE,三忠廟,新北市雙溪區長安街15號,雙溪區,,24933327,三忠公,道教,同治6,0,
938CD1F3-9B8D-467C-9413-42B8CD18663F,湄洲臺北北后宮,新北市新店區安業街215巷12號,新店區,,22114789,天上聖母,道教,民國73,0,
6FA9512A-51E9-40D4-8DAD-42A50D5DC6B5,廣福宮,新北市中和區德穗里中山路三段63巷臨27號,中和區,德穗里,22211519,福德正神,道教,民前295,0,
17AE751D-58BA-4781-9891-421332042B03,昭明宮,新北市瑞芳區深澳里建基路二段106之1號,瑞芳區,深澳里,2496-9040,關聖帝君,道教,民國67,0,
20476290-EB01-4D84-9A8A-41DF8B57C302,林口福滿宮,新北市林口區嘉寶里寶斗厝坑38號之2,林口區,嘉寶里,26051109,福德正神,道教,民國89,0,
1C155BFD-3896-4A96-938E-41BE0442E230,林口頂福巖,新北市林口區頂福里頂福20之16號,林口區,頂福里,26033366,顯應祖師,道教,民國83,0,
E0CA4642-8144-466A-9104-417D0C4369EB,嚴淨寺,新北市金山區半嶺3之1號,金山區,,24980484,釋迦牟尼佛,佛教,民國86,0,
BD74AB8C-51E8-4145-A5ED-411246EFB848,聖榮宮,新北市鶯歌區尖山路258巷42號,鶯歌區,,26792366,榮府王爺,道教,民前30,0,
57CC0E1B-8B3E-4459-BC31-40C94CAD5F7A,板橋慈后宮,新北市板橋區宏翠里長江路一段106巷7號,板橋區,宏翠里,22568757,天上聖母,道教,民國74,0,
45D61FF3-DACF-4691-A397-40B9020485FA,太乙道堂,新北市新店區翠峰路60巷11號,新店區,,22171822,太乙真人,道教,民國89,0,
50C8D6D5-1AB6-4864-9AAF-4071ED9B349D,重慶慈惠堂,新北市土城區永和街103號,土城區,,22676566,西王金母,道教,民國70,0,
76F5DE0E-9899-41F0-AAFA-3FCE17A6FEC9,福德祠,新北市新莊區中港路108號,新莊區,,29924684,福德正神,道教,民前20,0,
78C2CD02-7AE9-4C6A-930E-3FC7A5282F30,台灣新北玉佛寺,新北市石門區九芎林5之1號,石門區,,26383200,釋迦牟尼佛,佛教,民國84,0,
4D5EB094-7E24-462B-B31F-3F7CF4674672,福德宮(已廢止),新北市金山區西湖里西湖里一鄰13號旁,金山區,西湖里,,福德正神,道教,民國74,,
F51079A7-B723-48A8-9397-3F453D12CC4C,得安宮,新北市三峽區安坑里樟坑湖路121巷7號,三峽區,安坑里,26726698,劉府王爺,道教,民國70,0,
A6152246-FC93-4F27-B76A-3F1D5E235D6E,太上混元道府(已廢止),新北市新店區中興路一段70號,新店區,,29170642,無極混元聖祖,道教,民國71,0,
BE60FA2A-EEAB-4CFA-BA19-3ED99334B806,富士坪福德宮,新北市萬里區富士坪6號之2,萬里區,,24923479,福德正神,道教,民國60,0,
EFC02244-4B58-41E9-A404-3E68978D7DD1,紫竹禪林,新北市新店區五峰路67巷16號,新店區,,29126889,準提菩薩,佛教,民國60,0,
B216FB6C-1D76-4340-9A39-3D22B980AC6A,玉京山大羅上仙府,新北市石碇區永定里蚯蚓坑42號,石碇區,永定里,26631111,元始天尊,道教,民國66,,
65FD042A-FBA3-409B-A21A-3CC6C4B578CD,榮興福德宮,新北市瑞芳區深澳里建基路2段9號旁,瑞芳區,深澳里,24979798,福德正神,道教,民國76,0,
662D53C0-CA2C-4FF2-8745-3C948241A98B,新店明聖宮,新北市新店區北宜路二段63巷20號,新店區,,22172020,謝映登仙翁,道教,民國64,0,
C5225EF1-A526-499F-8C88-3C5AD179AFE0,西龍巖廟,新北市八里區大堀湖22號,八里區,,26103422,觀世音菩薩,佛教,民前44,0,
9986BC7C-0C31-478F-8BA8-3C27C9642AF5,上清宮,新北市五股區成泰路四段43之1號,五股區,,22912961,天上聖母,道教,民國74,0,
5D76E045-3D7F-4432-8BC5-3C0A526289BF,三重信安宮,新北市三重區信安里重陽路四段126巷1之1號,三重區,信安里,2986-6011,姜太公,道教,民國70,0,
644670D1-2A0F-4911-8613-3C05D8B36E74,南天行政世界道場,新北市三峽區安坑里建安140之2號,三峽區,安坑里,26681093,關聖帝君,道教,民國83,0,
4F1D8B2D-0319-43F1-AE13-3BF24DE5E1BC,福安宮,新北市坪林區上德里大粗坑8號旁,坪林區,上德里,26656946,福德正神,道教,民國86,0,
9280FDCB-85FF-4E6A-9DB6-3B979103A3B4,虎形山福德宮,新北市汐止區招商街1號,汐止區,,26435405,福德正神,道教,民國35,0,
671E67AB-2654-46BE-A29D-3AFEC0515FF0,屈尺福德宮,新北市新店區屈尺路161之3號,新店區,,26668019,福德正神,道教,民國12,0,
24A4E841-A53B-4D28-A694-3A9959CF3E65,文山寺,新北市石碇區隆盛里新興坑8鄰22號之3,石碇區,隆盛里,26631195,釋迦牟尼佛,佛教,民國50,民國71年3月1日,
44BFBB76-34EA-48DB-BD24-3A5780384370,慈蓮寺,新北市石碇區豐田里華梵路2號,石碇區,豐田里,26631505,釋迦牟尼佛,佛教,民國83,0,
0A9275A7-65E7-400D-841C-3A484739C0C1,三湖宮,新北市鶯歌區東湖里三界公坑3號,鶯歌區,東湖里,26708299,三官大帝,道教,民前100,0,
019B463F-4C2C-4CD6-A265-3A27E6034B73,樹林彭厝鎮安宮,新北市樹林區太平路247巷26號,樹林區,,86844058,邢府王爺,道教,民國67,0,
8DD378B3-3DA6-495D-8978-3A24D3B5B4CA,勸濟堂,新北市瑞芳區銅山里祈堂路53號,瑞芳區,銅山里,2496-1273,關聖帝君,道教,民前16,0,
7315E8F4-27D4-4BEC-937E-3A06B3540146,新莊後港福德宮,新北市新莊區後港二路18號之1,新莊區,,22025921,福德正神,道教,民國89,0,
55C07B93-35EB-4AC3-8826-3A03CC7DCB90,寶德山大鴻慈惠堂,新北市石碇區烏塗里中楒仔腳1之1號,石碇區,烏塗里,26633133,瑤池金母,道教,民國73,0,
302F3362-7462-41B7-A2D4-39BEBB15A28A,賜福宮,新北市汐止區茄苳里茄福街76巷1號邊,汐止區,茄苳里,86480327,福德正神,道教,民前40,0,
0CC8D9A4-373B-47BE-93B6-39BBD2895C53,慈慧寺,新北市三峽區添福195之1號,三峽區,,26721550,三寶佛,佛教,民國73,0,
849745A9-74BD-4255-A9E9-399540F1A067,平安公廟,新北市新莊區思源路177巷32號,新莊區,,29921281,福德正神,道教,民前25,0,
FD78614B-7F17-451F-92F6-39892A64EBE8,上玄道院,新北市土城區石門路63號,土城區,,22616159,三清道祖,道教,民國72,0,
9251DF70-761F-4175-B87D-391972CD3BBB,顯應祖師泰山巖,新北市泰山區山腳里明志路一段254號,泰山區,山腳里,29094226,顯應祖師,道教,民前37,0,
9CB36E77-61DB-4182-A729-38FCBF0DC192,廣承岩,新北市土城區金城路一段78號,土城區,,22603482,釋迦牟尼佛,佛教,民國58,0,
74DDA1E3-F90F-4698-B34B-38D784072743,南山福德宮,新北市中和區內南里興南路二段399巷160號之1,中和區,內南里,29425277,福德正神,道教,民前175,0,
804180A7-3B89-4F6C-B3B6-387F98ADF7A8,圓通佛導眾寺,新北市泰山區大科里大科坑18之1號,泰山區,大科里,22961208,觀世音菩薩,佛教,民國62,民國70年,
389F0D9A-2B05-4DAF-A195-3865CBBE3AB1,先帝宮,新北市新店區北宜路三段335巷15號,新店區,,22173135,神農大帝,道教,民國53,63,
6B893CBC-2633-4B6F-ADDD-3837D9F21E55,南山慈惠堂,新北市中和區內南里興南路二段399巷112號,中和區,內南里,29425382,瑤池金母,道教,民國78,0,
17F2C1DF-DA14-4566-B8A3-37B047D2FB92,福瑞宮,新北市汐止區長江街1號對面(暫厝),汐止區,,26413239,福德正神,道教,日據0,0,
AC6F92C7-C673-4B82-BBAC-376A1484C0F0,百騏宮,新北市平溪區東勢里東勢格1之1號,平溪區,東勢里,24951388,圓通自在大天尊,道教,民國78,0,
52FF7A19-E1AB-41BA-9CDF-3747B1FF7F49,慈航紀念堂,新北市汐止區秀峰路247號,汐止區,,26412605,慈航菩薩,佛教,民國50,0,
307F582D-5E6E-4A2F-8FFC-3646A9676879,文山清水巖,新北市新店區新烏路二段451號,新店區,,26669788,清水祖師,道教,民國65,0,
3F9E1D51-85DC-460C-9261-361098F3FDEA,樹林區樹德宮,新北市樹林區樹東里博愛街33號,樹林區,樹東里,26821111,福德正神,道教,民前177,0,
E6152481-18AF-4212-97DD-357C64BA947B,屏山天元宮,新北市三芝區橫山里大坑路56-2號,三芝區,橫山里,26363837,關聖帝君,道教,民國70,0,
CEAAD92B-866C-4813-808E-343D1D0EF72A,泉聖宮,新北市三芝區橫山56-7號,三芝區,,26363837,彌勒佛,一貫道,民國113,,
6DA9A8B7-CCE4-4F3C-91B2-334C08F85FE9,新北市鶯歌區宏德宮,新北市鶯歌區中正一路301巷1號,鶯歌區,,26794029,孫臏祖師,道教,民國51,0,
047341F7-1E53-4B45-B018-33223B412E3E,石門妙法寺,新北市石門區七股66號,石門區,,26360722,觀音佛祖,佛教,民國63,0,
E7FB1256-048E-43CF-B62E-32FF08BCCCE4,普安堂,新北市土城區龍泉路47號,土城區,,22670219,觀世音菩薩,佛教,民國5,0,
DC8CA2A2-5321-4DA0-AC3C-327ED5ADBAB0,板橋區大井頭福德祠,新北市板橋區廣德里重慶路269巷13號,板橋區,廣德里,29594378,福德正神,道教,民前103,0,
BC73B61D-1F4D-4BAF-822D-324222EA0F4B,南海聖靈宮,新北市鶯歌區尖山路240巷21弄23號旁,鶯歌區,,26706487,天上聖母,道教,民國72,0,
BE5C8987-3519-44B3-9EDC-320E90A000DA,姑娘廟,新北市石碇區永定里大湖格22之1號,石碇區,永定里,26631678,魏姑娘,道教,民國61,0,
6539EA79-03E1-46F1-B579-31F819AA677F,霹靂宮,新北市中和區中原里中板路52號,中和區,中原里,22220989,五雷元帥,道教,康熙0,0,
6A65FE2A-81A4-4694-8DAE-31DAA0EDDACE,福德祠,新北市汐止區長興街一段79號之1,汐止區,,86488699,福德正神,道教,民國8,0,
760D70D3-B3F6-4E3A-8D96-31D8C79E405D,蘆洲南天宮(已廢止),新北市蘆洲區光明里光華路282號,蘆洲區,光明里,22816133,諸府千歲,道教,民國63,,
BF8FB110-5522-4B79-9696-3177B02AC9C1,福安宮,新北市樹林區八德街63之1號,樹林區,,86841419,福德正神,道教,民國46,0,
D6DB89EE-04A6-45F3-AD9E-313B089AAC4D,龍星眾天殿,新北市石碇區潭邊里湳窟路42號,石碇區,潭邊里,26631971,天上聖母,道教,民國52,0,
C8C9C370-EC38-498F-BE14-312C35D415C3,顯明宮,新北市三重區順德里仁興街33巷3號,三重區,順德里,29733281,關聖帝君,道教,民國54,0,
5DEA1FDD-C925-4DE5-9665-31292F3D6FDD,普濟宮,新北市汐止區八連路一段198巷6號,汐止區,,26462966,廣澤尊王,道教,民國75,0,
EB1DD262-D941-4355-838E-30A7DBB3C7AA,儀天宮,新北市新莊區瓊林南路81號之5,新莊區,,22026633,西王金母,道教,民國43,0,
F6B895F5-06DF-43FD-AEAE-309A1C2E79BD,大光寺,新北市新店區廣興路111巷2號,新店區,,26667826,釋迦牟尼佛,佛教,民國69,0,
6814C03C-C601-4E4A-9B5F-3096CAAB1D71,碧潭寺,新北市新店區中興路一段98之1號,新店區,,29116705,釋迦牟尼佛,佛教,民國46,0,
1BC4453C-A72B-4CE7-B4D9-3091560AADD6,保元宮,新北市新莊區中正路143號,新莊區,,29970002,池府王爺,道教,乾隆41,0,
D6E05B3C-7114-4BFF-845E-308E5490FBCE,道家萬玄仙宗三清道院總院,新北市三峽區嘉添里白雞路40之5號,三峽區,嘉添里,86712253,無極三清道祖,道教,民國88,0,
61F48123-1846-4090-9977-30809271D7CB,新興宮,新北市瑞芳區鼻頭里鼻頭路41號之2,瑞芳區,鼻頭里,2491-1549,天上聖母,道教,民前115,0,
67FD8647-B063-4540-A5B8-308054A529F2,德明宮,新北市汐止區福德一路231號,汐止區,,26946231,福德正神,道教,民前46,0,
E9D04DAD-D8B3-4588-A810-2FE831C7008A,福德宮,新北市坪林區上德里樹梅嶺11號旁,坪林區,上德里,26656547,福德正神,道教,民國84,0,
64839BE6-CEEC-4633-9B4D-2F343E73C7CE,福安宮,新北市汐止區山光里樟樹二路357號門前,汐止區,山光里,26423520,關聖帝君,道教,民國50,0,
6A29CED4-7394-4A08-8753-2F11190340FA,護安宮,新北市石碇區永安里北宜路六段小金瓜寮巷2-1號,石碇區,永安里,26651947,楊府元帥,道教,民國80,0,
83F2425C-686A-4802-AEAA-2E793745C53F,三峽一元宮,新北市三峽區溪北里介壽路三段172巷32之3號,三峽區,溪北里,86766199,關聖帝君,道教,民國88,0,
C27CA69D-5A2B-4486-8BA6-2DC7B5CE4C35,三重鎮安亭,新北市三重區開元里三和路一段19號,三重區,開元里,2973-2314,中壇元帥,道教,民國68,0,
2560A438-FABC-4CA8-9947-2D9363900B31,平安齋廟,新北市新店區寶橋路140巷1之1號,新店區,,29116249,孚佑帝君,道教,民國46,104,
2A6E5658-BDD8-4A0C-B391-2D6551A228A7,普渡寺,新北市金山區尖山子18號之1,金山區,,,西方三聖,佛教,民國74,0,
181C3054-21B9-4B89-9437-2D4DCCC5F2C8,天地靈元宮,新北市坪林區仁里坂2號之1,坪林區,,26657481,無極地母大天尊,道教,民國72,民國85年,
DDD16A9E-1BA1-4C27-84ED-2D166064E472,漁澳福德宮,新北市萬里區漁澳16之2號厝前,萬里區,,24922797,福德正神,道教,民國1,0,
621BA731-361B-402E-87F4-2CD807C78BAC,西盛福德宮,新北市新莊區民安路395號,新莊區,,(02)2202-3498,福德正神,道教,,0,
1F836B2D-88E9-4C6E-A222-2CBB20A5D0AD,濟公慈航寺,新北市新店區銀河路86號,新店區,,22171069,濟公,佛教,民國68,0,
03F27C8C-10F9-482A-BF64-2C809BD4AC7D,慈祐儒院,新北市三芝區後厝里土地公坑52號,三芝區,後厝里,(02)2246-8216,孔子,儒教,民國110,0,
D848F832-3264-4133-A2D6-2C7C8AF4BEAD,淨律寺,新北市樹林區中山路三段180號,樹林區,,26807361,阿彌陀佛,佛教,民國50,民國64年,
C5AD1E69-A453-420F-B729-2C5C9F32D1BA,聖南寺,新北市雙溪區聖南30號,雙溪區,,24933332,釋迦牟尼佛,佛教,民國16,0,
5C4D6542-EEE3-4398-8D59-2C359C6DF7DE,福山巖,新北市三峽區中埔里中埔2號,三峽區,中埔里,26712479,孚佑帝君,道教,民前2,0,
ADAFF55F-F5E2-4BE0-921E-2BD68D9AE996,三峽廣靈廟,新北市三峽區安坑里安坑27之2號,三峽區,安坑里,26727178,三山國王,道教,民國83,0,
C080EF83-3D48-4FFD-8125-2B7828F93E94,五股玄女宮,新北市五股區民義路一段220巷21號,五股區,,22914610,九天玄女,道教,民國57,民國69年,
1F8DE51A-21D3-4BEC-AFFA-2B1401B30AF5,咸亨宮,新北市新店區自由街2號,新店區,,29173839,福德正神,道教,道光7,0,
507CF117-C27E-4F20-B82E-2B138F76E013,財團法人台灣省台北縣新店市廣照禪寺,新北市新店區廣明里中興路一段98號,新店區,廣明里,29111046,釋迦牟尼佛,佛教,民國39,民國58年,
83DE3D45-94BB-42D4-B0F7-2B082ABBAAD7,慈法禪寺,新北市土城區學府路1段23巷21號6樓(暫厝),土城區,,22631111,釋迦牟尼佛,佛教,民國64,0,
0D3789C0-B7E3-438E-816C-2A4BBD7C32B2,湄聖宮,新北市永和區安樂路463巷12號,永和區,,29230744,天上聖母,道教,民國71,0,
B6F06A6A-D2C9-4358-BC47-2A45CD15D4BB,萬里德光佛堂,新北市萬里區烏塗炭11號,萬里區,,24921811,明明上帝,一貫道,民國79,0,
6E03066B-70EB-421A-96BD-29C93AB95D58,太陽宮,新北市淡水區義山里下圭柔山106號,淡水區,義山里,26228889,太陽星君,道教,民國78,0,
D876F6E5-6C6F-4509-A3E8-29985DD67725,皇意宮,新北市新店區灣潭路28-1號,新店區,,29142364,西王金母,道教,民國65,0,
60896A2B-2668-4313-930E-294EE7D674E0,聖德福龍廟,新北市汐止區保新街147號,汐止區,,26486527,福德正神,道教,民國70,0,
3A08ABCD-79C5-4393-899B-290F27FC570F,法主宮,新北市淡水區義山里下圭柔山100之1號,淡水區,義山里,26228530,張聖君,道教,民國60,0,
71A097BA-B47A-4E1D-AC17-28F7D8395D7E,紫皇天乙真慶宮,新北市八里區中華路二段165巷33號,八里區,,26101739,北極玄天上帝,道教,民國60,0,
158B8596-63C0-4566-82C8-28B90282D386,慈安宮,新北市雙溪區三港7號,雙溪區,,24931816,天上聖母,道教,民前70,0,
4C83429C-F2EC-46A5-92B3-28A522B47CBD,三聖宮,新北市平溪區白石里靜安路二段274巷6號,平溪區,白石里,24951242,保儀大夫,道教,民國59,0,
06F7CD6D-AA9B-442E-8F21-283F1A28A13A,正覺寺,新北市萬里區達天13之1號,萬里區,,24929033,釋迦牟尼佛,佛教,民國88,0,
34DF59C0-7625-476B-948D-2838C1C0B74E,覺圓寺,新北市新店區成功路43號,新店區,,26668862,釋迦牟尼佛,佛教,民國80,0,
B5115213-56BA-4033-B141-27FEF14BF936,埤仔頭福德宮,新北市中和區外南里南山路236之1號,中和區,外南里,89410077,福德正神,道教,光緒0,0,
12CD0B7D-91C1-4066-9FDB-27AC3C769E14,靈山禪林寺,"新北市石碇區永定里藤寮坑2號 (暫厝:新北市石碇區大溪墘109號)",石碇區,永定里,23818827,釋迦牟尼佛,佛教,民國80,0,
049B198F-9CAD-4C66-9E0B-27640DAB45F7,祈福保生宮,新北市淡水區義山里下圭柔山28-1號,淡水區,義山里,26253688,保生大帝,道教,民前62,0,
56404025-EB68-45D1-9212-2751704F7D2A,聖興宮,新北市石碇區永定里靜安路一段337號,石碇區,永定里,26633675,三官大帝,道教,民國90,0,
AFF3441D-2785-4944-AFD0-27103055B1E7,玉旨無極慈母宮,新北市深坑區王軍寮7-5號,深坑區,,26647598,驪山老母,道教,民國90,0,
ABF2D33A-9F24-4F87-9BBD-267494B0A6A0,龍山慈惠堂(已廢止),新北市泰山區黎明里橫窠雅42號,泰山區,黎明里,29095420,西王金母,道教,民國79,,
AAD583EB-244C-4E6D-BAD1-263B136E81D3,無極宮,新北市八里區牛寮埔11號之3,八里區,,26102254,西王金母,道教,民國57,0,
C0E28336-0BFA-4976-BDE6-2589FAEED51C,財團法人新北市頂埔妙覺禪寺,新北市土城區大暖坑14號,土城區,,22681149,三寶佛,佛教,民國69,0,
B06653DD-20AD-4E6B-929F-2507B49A2743,終南洞三聖宮,新北市汐止區民權街一段1巷12弄1號,汐止區,,26405279,孚佑帝君,道教,民國25,0,
70AF0C5E-11C5-47F9-949E-248EF5AD0DD2,洞水宮,新北市三重區長安里文化北路87巷8號,三重區,長安里,2973-5856,諸府千歲,道教,民國46,0,
943B65B8-06D2-47ED-857A-2411728B3EA8,天后宮,新北市三重區福利里福德南路152號,三重區,福利里,29758453,天上聖母,道教,民國44,0,
0D5C5556-3487-4841-9E13-23A316E5B981,無極靈天宮,新北市石碇區格頭里北宜路四段24號,石碇區,格頭里,26651996,靈山王母娘娘,道教,民國77,0,
43B8252B-ED7D-4634-B73E-23A0901CECCD,迪毅堂,新北市板橋區流芳里館前西路92號,板橋區,流芳里,29677397,徐元帥,道教,民國9,0,
655A7D72-2108-48A2-B3FC-239FDCAB84F2,弘明寺,新北市瑞芳區龍鎮里岳王路136號,瑞芳區,龍鎮里,2497-2690,釋迦牟尼佛,佛教,民國57,0,
6BA561CA-A956-4823-914E-22EAF270E4B8,玄峯慈惠堂,新北市三重區崇德里仁愛街77號,三重區,崇德里,29736394,瑤池金母,道教,民國58,0,
035C568D-F6AA-42C3-9157-22D510FCC0E3,佛所護念廟,新北市新店區寶興路70巷5號,新店區,,29131871,釋迦牟尼佛,佛教,民國74,0,
FCB5D590-25B7-4C25-9014-222980B4384B,白雲福德宮,新北市汐止區水源路二段34號對面,汐止區,,26421023,福德正神,道教,民國53,84,
72177561-BD7D-41BD-B108-21D7E2355600,三重區天武宮,新北市石門區富基里楓林23之2號(暫厝),石門區,富基里,22875651,玄天上帝,道教,民國73,0,
8B4A2FB1-0BBF-470D-8E10-213EA8AF3219,佛光山擇善寺,新北市新莊區新莊路543巷11號,新莊區,,22070859,釋迦牟尼佛,佛教,民國43,0,
746CE306-887A-40D5-A9DD-20E0488F604A,財團法人新北市智成忠義宮,新北市三芝區智成街18號,三芝區,,26362218,關聖帝君,道教,民前12,0,
DBDA91F5-3A38-4458-A14D-20B4F6271BB2,水口民主公王宮,新北市三芝區新庄子59號之3,三芝區,,26364096,民主公王爺,道教,民前151,0,
243D3140-17A3-410A-8610-20835DF2CFC7,石門桃源殿,新北市石門區內阿里磅55號,石門區,,26381160,中央混元真母靈源天尊,道教,民國76,0,
AF09363A-A166-4849-ADE3-1FEA7C11C6F8,承天農林禪寺,新北市鶯歌區中正一路466號,鶯歌區,,26792442,釋迦牟尼佛,佛教,民國79,0,
C8164AED-E0EB-4E89-8927-1F8DF2D625CE,道教帝廟金鑾殿,新北市八里區龍形五街37巷3號之1,八里區,,26185596,三清道祖,道教,民國76,0,
2EA16DDE-A6C8-4065-B37E-1F88893879B7,淡水坪頂集應廟,新北市淡水區坪頂里小坪頂18之3號,淡水區,坪頂里,86263277,保儀尊王,道教,民國54,0,
02703572-58E2-4435-943C-1F103C9826A7,慈航大師開山彌勒內院,新北市汐止區秀峰路245號,汐止區,,26413405,釋迦牟尼佛,佛教,民國39,0,
0BBD6097-04C8-4FB3-B4D4-1F0C0C3B054E,財團法人新北市樹林濟安宮,新北市樹林區保安街1段32號,樹林區,,26812624,保生大帝,道教,民前124,0,
D55F4BDA-8519-4A09-8B51-1EE617BDEB39,車埕三清殿,新北市三芝區興華里車埕62號,三芝區,興華里,26371408,三清道祖,道教,民國73,0,
16747F57-A24F-499F-9643-1EB71670A8BD,真武山受玄宮,新北市新店區廣興路156號,新店區,,26667896,玄天上帝,道教,民國66,0,
5ED7790E-1A92-4138-8E76-1E8E8BFB0787,新莊英靈祠,新北市新莊區中正路97號,新莊區,,29943339,萬善爺,道教,光緒0,民國73年,
157CBAF6-0B6D-4B65-BED3-1E1A48E4BB60,增福慈惠堂,新北市汐止區八連路三段238號之3,汐止區,,26452242,瑤池金母,道教,民國82,0,
ADB07307-2EB1-42C7-997A-1D780296AB35,福安廟,新北市貢寮區美豐里雞母嶺7號,貢寮區,美豐里,24901660,開台聖王,道教,民前12,0,
A8ED8131-9820-4693-B85C-1D72987D6FC1,普照山大同寺,新北市三芝區店子里店子36號邊,三芝區,店子里,26372118,觀世音菩薩,佛教,民國78,,
12B967A5-7F33-4E1B-BFAE-1CFFA7DBB708,福惠宮,新北市三芝區石曹子坑51號,三芝區,,26371161,朱李池三王爺,道教,民前201,0,
4914738C-F8BE-4963-BF75-1C822C77EA7A,福安宮,新北市汐止區福安街53之1號,汐止區,,26412995,福德正神,道教,民國35,0,
3476FF02-7339-4600-BED1-1C5EFB3EF872,永平寺,新北市三芝區車埕79號,三芝區,,26372889,釋迦牟尼佛,佛教,民國83,0,
937EB671-B045-463C-993B-1C5618189CA5,廣安宮,新北市金山區金包里街104號,金山區,,24983815,開漳聖王,道教,民國34,0,
7BFD175A-8B3B-4334-9FE0-1BDAD2CD85F2,新北市五股賀聖宮,新北市五股區成泰里新五路三段1號,五股區,成泰里,22953166,玄天上帝,道教,民國92,0,
3BF39432-F928-485B-A4E9-1BBF732AB406,板橋江子翠鳳山寺,新北市板橋區文翠里仁化街181號,板橋區,文翠里,22515955,廣澤尊王,道教,民國59,0,
0FC9DA68-B804-455B-9594-1B81A3B067A7,萬聖宮,新北市金山區海興路132號邊,金山區,,無電話,天上聖母,道教,民國71,0,
22826BB1-B19C-4FE5-9A44-1B36804534E2,板橋接雲寺,新北市板橋區留侯里西門街69號,板橋區,留侯里,29660766,觀世音菩薩,佛教,咸豐6,0,
43238E9C-20B3-41B3-9331-1AE112D1D99A,板橋北門福德宮,新北市板橋區黃石里公館街8號,板橋區,黃石里,29682939,福德正神,道教,民國85,0,
F1AAB0D9-121C-4670-9CAD-1ACF8BE48F0B,新莊潮江寺,新北市新莊區興漢里碧江街47號,新莊區,興漢里,29973916,觀世音菩薩,佛教,民國0,0,
624C15AB-1F8A-45CC-AEB5-199F9F3A6739,崑崙道堂,新北市五股區五福路68巷7弄1號,五股區,,29898622,王老仙師,佛教,民國70,0,
35C1E2F1-1971-40A0-B073-1991E9691B6F,西蓮淨苑,新北市三峽區溪東里溪東路211巷31弄11號,三峽區,溪東里,86761982,釋迦牟尼佛,佛教,民國61,0,
45B88267-227D-4B8E-9E7F-197D421CBB43,福仁宮,新北市金山區龜子山路50號,金山區,,24922217,三府王爺,道教,民國54,0,
E857E7EA-10AA-4180-A6CB-191F51707414,元寶山仙石府,新北市石碇區永定里靜安路一段352號,石碇區,永定里,26638033,劉海蟾祖師,道教,民國89,0,
499DED0F-0EFF-4CA1-8BC6-1811610B2C29,保安廟,新北市貢寮區和美里和美街20之1號,貢寮區,和美里,24902101,開台聖王,道教,民國5,0,
6163BA38-7B9A-417C-ABDB-16A3A6909F6B,盧氏家廟(已廢止),新北市三芝區店子里店子68之1、68之2號,三芝區,店子里,26371842,盧府王爺,道教,民國78,0,
48142CF6-560E-4FAE-BE0C-164A350FC7F6,清雲殿,新北市坪林區灣潭4號,坪林區,,87126708,神農大帝,道教,民前47,0,
3A73E188-3170-4E71-85E5-15F7AF0E62F0,五股仙佛寺,新北市五股區民義路一段220巷17之15號,五股區,,82952117,釋迦牟尼佛,佛教,民國79,0,
67D5F89F-2828-4F99-A955-15BC4F888FBE,南山寺,新北市坪林區樟空子5號,坪林區,,26656697,孚佑帝君,道教,民前10,0,
8065625D-86CC-4CC8-93B2-158CB173E280,磺潭里公館崙福德宮,新北市萬里區公館崙25號左前方100公尺,萬里區,,,福德正神,道教,民國60,0,
B184E973-F754-4495-BFB1-15707D4BB74C,慈安宮,新北市中和區員富里員山路611巷11弄4號,中和區,員富里,22225228,李府王爺,道教,民國52,0,
A5EE005C-5408-4AAC-AE73-14ED1CD374D4,三清宮,新北市新店區廣興路27巷29號,新店區,,26666760,太上道祖,道教,民國71,0,
74BA627F-8C34-4AF9-909C-14875BCD036F,財團法人新北市烏來妙心寺,新北市烏來區烏來里烏來街71號,烏來區,烏來里,26616397,釋迦牟尼佛,佛教,民國52,0,
5B006E0A-503E-4720-9095-1439AFA88D1E,天華山慈惠堂,新北市瑞芳區猴硐里侯硐路38號,瑞芳區,猴硐里,2496-6485,瑤池金母,道教,民國79,0,
75827488-77D4-4FFB-BD8E-13E1752ED8D7,淡水鎮海天宮(已廢止),新北市淡水區興仁里下田寮3號,淡水區,興仁里,26210592,孚佑帝君,道教,民國63,,
16685B5B-407A-4B9E-BA4E-13DA76269EC8,夢幻寺(已廢止),新北市瑞芳區碩仁里魚寮路210號,瑞芳區,碩仁里,02-24061349,觀世音菩薩,佛教,民國78,0,
A02E03D2-AF69-479C-AC1E-1300E0F1FC8B,文山天寶聖道宮,新北市石碇區潭邊里碇坪路一段13號,石碇區,潭邊里,26632297,玉皇大帝,道教,民國80,0,
A526B6DA-D4CB-48DF-8162-12B65CF14ADF,光明王寺,新北市三峽區添福里9鄰177與215號中間,三峽區,添福里,22519317,大日如來,佛教,民國69,0,
B3AF4D51-4CF8-4364-9DEC-1251E73E6EA8,集善宮,新北市蘆洲區光華路46巷21弄1號,蘆洲區,,22889489,孚佑帝君,道教,民前25,0,
BFF347FC-3D18-4FDF-9DD6-122DEA86EC78,九龍順天宮,新北市五股區凌雲路二段35號之1,五股區,,22923479,玄天上帝,道教,民國81,0,
37484539-9732-4D0E-8888-11B57F5E98D7,金法林,新北市金山區秀峰坪1之5號,金山區,,24080546,釋迦牟尼佛,佛教,民國79,0,
66C8DDA0-0D27-4025-B926-110519F76E04,成安宮,新北市平溪區十分里十分街189號,平溪區,十分里,2495-8600,天上聖母,道教,嘉慶5,0,
A990403D-1802-4E68-8D06-10EFDC2C42EA,養源堂,新北市新店區康雅崙路1之1號,新店區,,26667682,釋迦牟尼佛,佛教,民前20,0,
EDFAE6A5-0B96-4D13-8BF1-10DFF87FD972,萬里里成功新邨福德宮,新北市萬里區成功新邨79號,萬里區,,24921789,福德正神,道教,民國67,0,
9F64DA58-6BCA-4166-8081-102EF5A606D1,海龍宮,新北市五股區成泰路一段189巷臨41號,五股區,,22932276,圓通自在大天尊,道教,民國40,0,
6D1D169D-BB33-4F87-9A7E-1010E73EE0CF,鶴嶺天乙寺,新北市五股區天乙路129號,五股區,,22912698,道濟禪師,佛教,民國51,0,
9F350643-3022-4636-B12C-10019E2E45A2,新北市烏來普陀山慈音精舍,新北市烏來區烏來里西羅岸路122號之5,烏來區,烏來里,26616397,觀世音菩薩,佛教,民國86,0,
398FE5A7-EFF8-4364-9D0D-1000A229E589,伍天宮,新北市金山區濆水34號,金山區,,24986222,玄天上帝,道教,民國70,0,
6AEC80E3-9EBC-4274-9688-0FCD8B5D4E12,法濟寺,新北市石碇區隆盛里吊橋2號,石碇區,隆盛里,26631898,釋迦牟尼佛,佛教,民國37,0,
B4CC149F-A356-484C-A69D-0F8218C47752,覺明寺,新北市新莊區豐年街51巷17弄1號,新莊區,,22016055,觀世音菩薩,佛教,民國45,0,
A41FB1B7-D630-4FE7-AA78-0EAB414C7481,慈玄寺,新北市新店區中興路一段102號,新店區,,29127223,釋迦牟尼佛,佛教,民國32,0,
BB62F5B8-CB8B-4D64-9498-0E61F8521FB1,善覺寺,新北市平溪區望古里灰窯24號,平溪區,望古里,0937528043,觀世音菩薩,佛教,民前8,0,
EF777F3C-C803-4985-9A05-0E1C50C79AEB,野柳仁和宮,新北市萬里區港東路167之10號,萬里區,,24921659,周府將軍,道教,民國70,0,
210FCBE7-2FD2-44E6-AC4B-0DE4DE3248D6,長興宮,新北市新店區新烏路一段70號,新店區,,26665728,福德正神,道教,民前121,0,
3C378E05-14F1-48DA-8320-0DD0D6CCB3E2,樹林賢聖宮,新北市樹林區備內街176之3號,樹林區,,26811528,圓通自在大天尊,道教,民國64,0,
EC92D9B2-4080-4184-9813-0D7BBCA13864,修聖宮,新北市新店區新潭路一段120巷16之1號,新店區,,29402568,瑤池金母,道教,民國87,0,
37E0866C-5C37-469B-AD9B-0D651FF1F7BC,德林寺,新北市三重區尚德里三和路三段85號,三重區,尚德里,2972-5706,釋迦牟尼佛,佛教,民國36,0,
5515F671-2FC0-4460-BCC9-0D4DB1C15BE2,大陳義胞觀音寺,新北市永和區新生路273巷1之1號,永和區,,2922-0871,觀世音菩薩,佛教,民國62,0,
324F5858-3540-4CA3-898B-0D3365B7B9AE,九份聖明宮,新北市瑞芳區崇文里1鄰街頂巷56號,瑞芳區,崇文里,2497-2819,關聖帝君,道教,民國38,0,
D08A645F-7383-4FAA-A745-0CF041D1A098,北極玄聖宮,新北市淡水區賢孝里淡金路四段590號,淡水區,賢孝里,28010366,北極玄天上帝,道教,民國85,0,
16E4FCFC-AC41-48C6-BAF3-0C15A5BA060B,財團法人新北市竹林山觀音寺,新北市林口區菁湖里竹林路325號,林口區,菁湖里,26011412,觀世音菩薩,佛教,民國27,0,
8ABCC2FB-D99D-47B1-9F8D-0BFBA9F12113,福安宮,新北市鶯歌區中正三路450號前,鶯歌區,,86772645,福德正神,道教,光緒22,0,
5C53FFEC-AF2D-4E1E-BA4A-0BB045939B70,興建宮,新北市淡水區永吉里清水街159號,淡水區,永吉里,26212994,劉府王爺,道教,民前0,0,
315848EF-B7A9-4B4A-B3A3-0B7B0A9659C1,上天福安宮,新北市瑞芳區上天里滴水子路29號,瑞芳區,上天里,2459-5928,福德正神,道教,民前80,0,
03203FAF-330A-4F5C-A516-0B71B12FB063,三重興德祠,新北市三重區中興里中興北街40之2號,三重區,中興里,29953276,福德正神,道教,民國46,0,
F6D6EFA4-4FCD-426A-9163-0AEFD6600B2B,力行福德宮,新北市中和區力行里圓通路162巷2號,中和區,力行里,22484646,福德正神,道教,民國16,0,
A30DFD8E-0134-4461-9451-0A9BC1BB9184,新北市五股區聚福宮,新北市五股區御史路134號,五股區,,22933865,福德正神,道教,民前0,民國40年,
E3396DC6-689C-4D6A-95F1-0A92A8FD5A6A,雙溪聖龍宮,新北市雙溪區外柑里三叉坑4之2號,雙溪區,外柑里,24934048,西王金母,道教,民國82,0,
D11D9156-7EF3-40F1-8186-0A2D7F801B20,天修宮(已廢止),新北市中和區錦和里圓通路367巷臨50號,中和區,錦和里,22478663,玉皇大帝,道教,民國58,0,
6E24F8B2-2874-4EDA-85C0-09A5E272F7F2,清水巖福正宮,新北市汐止區汐萬路一段312號,汐止區,,86921653,福德正神,道教,日據0,0,
B8DB02B5-C807-4420-AD35-09A508AD6396,正興宮,新北市淡水區崁頂里崁頂15號,淡水區,崁頂里,26230910,孚佑帝君,道教,民國57,0,
72BEBC9E-1F80-41E9-83F5-098A5D25272B,板橋區港仔嘴福德宮,新北市板橋區港嘴里縣民大道三段247巷80號,板橋區,港嘴里,22519778,福德正神,道教,民前59,0,
2B260C2B-E5FB-4E02-AC1C-09648C66AFFB,八里代天府奉天宮,新北市八里區米倉26之1號,八里區,,26181966,諸府千歲,道教,民國78,0,
01B6FBD5-F3A0-4958-B604-095A904777F4,靈光寺,新北市板橋區溪北里溪崑二街73巷1-1號,板橋區,溪北里,26752288,釋迦牟尼佛,佛教,民國53,0,
9E523784-1A1D-4E33-8EDF-0944FA4D1623,明志書院,新北市泰山區明志里明志路二段276號,泰山區,明志里,22974528,紫陽朱夫子,道教,民國10,0,
A72885CA-1289-4FF7-8113-08E2D71015B8,金海禪寺,新北市萬里區公館崙35之1號,萬里區,,24983705,釋迦牟尼佛,佛教,民國64,0,
7033A89C-B909-4930-9241-089EA2DC0785,淡水孫臏宮,新北市淡水區中興里水源街一段47巷2號,淡水區,中興里,26233865,孫臏祖師,道教,民國56,0,
2AD9D32D-8744-4C29-861B-08922855E2D3,財團法人新北市北極宮,新北市板橋區溪北里溪崑二街73巷1號,板橋區,溪北里,26815752,玄天上帝,道教,民國15,0,
34DBECE1-3023-4EFA-A66A-087037ECC3BC,"保安宮 (原名 保義尊王廟)",新北市坪林區石石曹里石(石曹)10-5號,坪林區,石石曹里,26658168,保儀尊王,道教,民國11,0,
23D5BC60-0E37-4FA2-B2E9-07C2E8208BF5,萬里情月老廟,新北市萬里區公舘崙55之2號,萬里區,,24983030,月老神尊,道教,民國104,0,
8FB27589-89F0-4A59-A32D-079EF89010BB,神桌洲福德宮(已廢止),新北市板橋區聚安里大觀路二段174巷129弄70號邊,板橋區,聚安里,29683323,福德正神,道教,民前0,0,
A37E68D2-C81C-4B30-9C71-0799B3020A7E,板橋天秀宮(已廢止),新北市板橋區信義里信義路臨52之2號,板橋區,信義里,29527218,女媧娘娘,道教,民國82,,
2B89FA06-0D39-442D-8594-072CBF976A8F,三峽廣行宮,新北市三峽區龍埔里三樹路98巷187之1號,三峽區,龍埔里,26730131,關聖帝君,道教,民國70,0,
995D71B5-3EDD-4404-95E0-06CC226103A1,玄聖殿,新北市三重區尚德里仁愛街112巷10號,三重區,尚德里,2972-5421,西王金母,道教,民國67,0,
C2952C22-3A15-4EC0-8BDA-06BA8B287ED9,財團法人新北市金包里慈護宮,新北市金山區金包里街16號,金山區,,24982510,天上聖母,道教,民前95,0,
CF4537CE-20CD-43FB-9635-06AF0938E3A8,福神宮,新北市新店區員潭里北宜路二段124之1號,新店區,員潭里,22172347,福德正神,道教,民前5,0,
EC5A9ADB-26E0-4D57-9609-066A0908A7EE,忠義宮(已廢止),新北市石碇區烏塗里烏塗窟44號,石碇區,烏塗里,26631777,楊府元帥,道教,民國12,0,
214C1663-7399-4022-8FCB-065DB15190B3,天宇三三道合五化院,新北市汐止區汐萬路三段66號,汐止區,,26431133,瑤池金母,道教,民國60,0,
3147F992-CAB2-44C7-9986-0622F60DC97D,武英殿廟,新北市金山區文化二路4號,金山區,,24981624,西秦王爺,道教,民國18,0,
FA8C0BD9-FCF1-424D-9352-0622990247C8,財團法人新北市金賢宮,新北市蘆洲區光榮路120巷15號,蘆洲區,,82836022,瑤池金母,道教,,0,
D29717FE-94D5-45F2-ACBD-056D2239380A,龍雲宮,新北市三重區永順里永安北路一段27巷58號旁,三重區,永順里,,玄天上帝,道教,民國60,0,
CA6659AF-FBF8-42C0-AC9A-05680E0C9D7C,慈聖佛堂,新北市汐止區八連路三段196號之1,汐止區,,26907525,彌勒祖師,一貫道,民國77,0,
FB1284BD-58B5-48EE-8030-0548495AE957,接源堂,新北市板橋區漢生里光正街52號,板橋區,漢生里,29680731,觀音佛祖,佛教,民前39,0,
7FF8D9A2-781B-4846-AAF5-04FEE5D6E85F,正覺寺,新北市深坑區烏月路89號,深坑區,,26621277,觀世音菩薩,佛教,民國60,0,
B14E71F3-7E57-41F5-88AB-04CC427D8520,頭湖福德宮,新北市林口區民權路169號,林口區,,02-26090633,福德正神,道教,民國109,0,
AFD146BC-BB08-4A45-A966-048BE5CD05A5,藏元寺,新北市三峽區安坑里樟坑湖路48號,三峽區,安坑里,26682556,玉皇上帝,道教,民國89,0,
C703A70D-CB8C-4E15-B7E7-0480660C8A3D,佛國寺,新北市泰山區明志里明志路二段254巷16弄37號,泰山區,明志里,22968210,阿彌陀佛,佛教,民國65,0,
BECF72AC-F76F-4B97-A224-040D84FDF76B,鎮天宮,新北市金山區法鼓路118號,金山區,,24982114,五年千歲,道教,民國66,0,
37B5B6C9-71BF-406F-9455-040D7C60ACB1,福興宮,新北市五股區中興路一段151巷4號,五股區,,29887412,福德正神,道教,民國65,0,
C628FF7D-A66E-46C0-B12A-039E4E4662D2,土城保安宮,新北市土城區永寧里永寧路29號,土城區,永寧里,22672678,廣澤尊王,道教,民國63,0,
0D8BDD1F-8332-4799-A2B5-0312A4CF93DB,慈誠寺,新北市深坑區萬福路75巷60號,深坑區,,86626908,釋迦牟尼佛,佛教,民國64,0,
11AE72FA-1A73-43D9-B26B-02CDB15E3573,地母庵,新北市樹林區東和街71之1號,樹林區,,86852993,三寶佛,佛教,民國83,0,
AC4C266C-8745-4B28-B9D9-027E473455CD,板橋廣厚宮,新北市板橋區信義里信義路164之1號,板橋區,信義里,29559013,福德正神,道教,民前26,0,
A6642C0C-26A1-4C21-BC72-0212835B8E39,萬人同廟,新北市土城區永安街81號,土城區,,22673448,東嶽大帝,道教,民國69,0,
576A9957-8688-4507-9D78-020F7E7877DF,淡水福佑宮,新北市淡水區民安里中正路200號,淡水區,民安里,26211731,天上聖母,道教,民前231,0,
83CBA113-0712-4148-BCC2-01EDA7DE38EA,新北市板橋區大佛寺,新北市板橋區聯翠里文化路二段75號,板橋區,聯翠里,22515454,三寶佛,佛教,民國74,0,
72756429-DDFE-4A50-BA03-01E1D634E77E,武聖宮,新北市三峽區中正路二段85號,三峽區,,26735647,關聖帝君,道教,民國33,0,
BE56AB12-EE2E-4765-BF95-013EFCFC641A,千佛山華德禪寺,新北市三峽區介壽路二段138巷1弄166號,三峽區,,86768953,三寶佛,佛教,民國86,0,
31C4F29B-8193-4041-B92D-00D1447815DF,天南寺,新北市三峽區溪南里介壽路二段138巷169號,三峽區,溪南里,86762556,釋迦牟尼佛,佛教,民國98,0,
31666BBF-5070-4354-9E1A-00B8EC58EA9D,永安宮,新北市鶯歌區高職東街1號之1,鶯歌區,,86777032,福德正神,道教,民前110,0,
14782D9C-AB01-4D8D-9A76-0068826FE4DF,福興宮(已廢止),新北市汐止區義民里中正路214號,汐止區,義民里,26413338,福德正神,道教,民前0,0,
F63AB44A-3A04-4F79-A364-00641A896D52,淡水聖和堂,新北市淡水區忠寮里大埤頭1之3號,淡水區,忠寮里,86316409,觀世音菩薩,道教,民國83,0,
C4027750-B4ED-4794-BD5E-004E9216B247,達香寺,新北市石碇區豐田里磨石坑33號,石碇區,豐田里,23910521,釋迦牟尼佛,佛教,民國83,0,
1E3F994A-B413-48F3-8494-003463566B5E,興珍宮,新北市新莊區五工三路50巷23之1號,新莊區,,0932245945,福德正神,道教,民國81,0,
